{
"meta":{"test_sets":[],"test_metrics":[],"learn_metrics":[{"best_value":"Min","name":"Logloss"}],"launch_mode":"Train","parameters":"","iteration_count":1000,"learn_sets":["learn"],"name":"experiment"},
"iterations":[
{"learn":[0.6793667452],"iteration":0,"passed_time":0.1583806857,"remaining_time":158.2223051},
{"learn":[0.6669378913],"iteration":1,"passed_time":0.166529425,"remaining_time":83.09818306},
{"learn":[0.6547172357],"iteration":2,"passed_time":0.1734789014,"remaining_time":57.65282156},
{"learn":[0.6436898848],"iteration":3,"passed_time":0.1815522445,"remaining_time":45.20650887},
{"learn":[0.6321633324],"iteration":4,"passed_time":0.1895149697,"remaining_time":37.71347897},
{"learn":[0.6213564586],"iteration":5,"passed_time":0.1977437311,"remaining_time":32.75954479},
{"learn":[0.6096816854],"iteration":6,"passed_time":0.2051784466,"remaining_time":29.10602822},
{"learn":[0.5968609541],"iteration":7,"passed_time":0.2127203933,"remaining_time":26.37732878},
{"learn":[0.5854593176],"iteration":8,"passed_time":0.2204381694,"remaining_time":24.27269177},
{"learn":[0.5739238218],"iteration":9,"passed_time":0.2280039306,"remaining_time":22.57238913},
{"learn":[0.5647860024],"iteration":10,"passed_time":0.2346217641,"remaining_time":21.09462952},
{"learn":[0.5545534182],"iteration":11,"passed_time":0.241048161,"remaining_time":19.84629859},
{"learn":[0.543762646],"iteration":12,"passed_time":0.2476531798,"remaining_time":18.80259142},
{"learn":[0.5353129711],"iteration":13,"passed_time":0.2542426006,"remaining_time":17.90594316},
{"learn":[0.5263533128],"iteration":14,"passed_time":0.2608919875,"remaining_time":17.13190718},
{"learn":[0.5182644061],"iteration":15,"passed_time":0.2676356244,"remaining_time":16.4595909},
{"learn":[0.5099720323],"iteration":16,"passed_time":0.2738939332,"remaining_time":15.8375139},
{"learn":[0.5032394546],"iteration":17,"passed_time":0.2800964861,"remaining_time":15.28081941},
{"learn":[0.4960858445],"iteration":18,"passed_time":0.2866139307,"remaining_time":14.79832979},
{"learn":[0.487796567],"iteration":19,"passed_time":0.293092949,"remaining_time":14.3615545},
{"learn":[0.4793549192],"iteration":20,"passed_time":0.2994834625,"remaining_time":13.9616338},
{"learn":[0.4721945239],"iteration":21,"passed_time":0.306327834,"remaining_time":13.61766462},
{"learn":[0.4649075482],"iteration":22,"passed_time":0.3128146386,"remaining_time":13.28782182},
{"learn":[0.4573826465],"iteration":23,"passed_time":0.3196364113,"remaining_time":12.99854739},
{"learn":[0.4506194691],"iteration":24,"passed_time":0.3254785566,"remaining_time":12.69366371},
{"learn":[0.4423836116],"iteration":25,"passed_time":0.3319018364,"remaining_time":12.43355341},
{"learn":[0.435855593],"iteration":26,"passed_time":0.3381098929,"remaining_time":12.18447873},
{"learn":[0.4312758922],"iteration":27,"passed_time":0.34484397,"remaining_time":11.9710121},
{"learn":[0.4242999406],"iteration":28,"passed_time":0.3515918923,"remaining_time":11.77226646},
{"learn":[0.4180496861],"iteration":29,"passed_time":0.3580652684,"remaining_time":11.57744368},
{"learn":[0.4135314503],"iteration":30,"passed_time":0.3641434204,"remaining_time":11.38241853},
{"learn":[0.4087472306],"iteration":31,"passed_time":0.3707131097,"remaining_time":11.21407157},
{"learn":[0.4035431545],"iteration":32,"passed_time":0.3773224774,"remaining_time":11.05669199},
{"learn":[0.3983281813],"iteration":33,"passed_time":0.3837191505,"remaining_time":10.90213822},
{"learn":[0.3923630194],"iteration":34,"passed_time":0.3904938005,"remaining_time":10.76647193},
{"learn":[0.3869642247],"iteration":35,"passed_time":0.397691516,"remaining_time":10.64929504},
{"learn":[0.3830893422],"iteration":36,"passed_time":0.4043626835,"remaining_time":10.52435849},
{"learn":[0.377881353],"iteration":37,"passed_time":0.4109593469,"remaining_time":10.40376031},
{"learn":[0.3732537366],"iteration":38,"passed_time":0.4177525445,"remaining_time":10.29385116},
{"learn":[0.3700126652],"iteration":39,"passed_time":0.4238551601,"remaining_time":10.17252384},
{"learn":[0.365591752],"iteration":40,"passed_time":0.4306307724,"remaining_time":10.0725588},
{"learn":[0.3626633535],"iteration":41,"passed_time":0.4378667977,"remaining_time":9.987533148},
{"learn":[0.3587923229],"iteration":42,"passed_time":0.4461199828,"remaining_time":9.928763337},
{"learn":[0.355412422],"iteration":43,"passed_time":0.4523374359,"remaining_time":9.828058835},
{"learn":[0.3509942332],"iteration":44,"passed_time":0.4590545112,"remaining_time":9.742156848},
{"learn":[0.3480274469],"iteration":45,"passed_time":0.4654298095,"remaining_time":9.652609528},
{"learn":[0.3446381369],"iteration":46,"passed_time":0.4716383988,"remaining_time":9.56322115},
{"learn":[0.3417471375],"iteration":47,"passed_time":0.4779425264,"remaining_time":9.479193441},
{"learn":[0.3380766966],"iteration":48,"passed_time":0.4843494506,"remaining_time":9.400333215},
{"learn":[0.3328950445],"iteration":49,"passed_time":0.4910411081,"remaining_time":9.329781054},
{"learn":[0.3296004131],"iteration":50,"passed_time":0.4975745452,"remaining_time":9.258789086},
{"learn":[0.3254405659],"iteration":51,"passed_time":0.5044404717,"remaining_time":9.19633783},
{"learn":[0.322682466],"iteration":52,"passed_time":0.5105727686,"remaining_time":9.122875696},
{"learn":[0.3181153961],"iteration":53,"passed_time":0.5168411511,"remaining_time":9.054291277},
{"learn":[0.3140335656],"iteration":54,"passed_time":0.5231993904,"remaining_time":8.989516799},
{"learn":[0.3111712477],"iteration":55,"passed_time":0.529051284,"remaining_time":8.918293074},
{"learn":[0.3086467701],"iteration":56,"passed_time":0.5363005219,"remaining_time":8.872480564},
{"learn":[0.3062485428],"iteration":57,"passed_time":0.5413763309,"remaining_time":8.79269834},
{"learn":[0.3033531081],"iteration":58,"passed_time":0.5482534858,"remaining_time":8.744178476},
{"learn":[0.3004647785],"iteration":59,"passed_time":0.5560590653,"remaining_time":8.711592023},
{"learn":[0.2971549608],"iteration":60,"passed_time":0.5633267158,"remaining_time":8.671537477},
{"learn":[0.2939660994],"iteration":61,"passed_time":0.5704271326,"remaining_time":8.63001049},
{"learn":[0.2918983083],"iteration":62,"passed_time":0.5772852036,"remaining_time":8.585971996},
{"learn":[0.2887648991],"iteration":63,"passed_time":0.5840543874,"remaining_time":8.541795416},
{"learn":[0.2852361407],"iteration":64,"passed_time":0.590708848,"remaining_time":8.497119583},
{"learn":[0.2819955683],"iteration":65,"passed_time":0.5973082307,"remaining_time":8.452816476},
{"learn":[0.2791469394],"iteration":66,"passed_time":0.6029789169,"remaining_time":8.396706411},
{"learn":[0.2760396662],"iteration":67,"passed_time":0.6096328505,"remaining_time":8.355556127},
{"learn":[0.2737045645],"iteration":68,"passed_time":0.6165145182,"remaining_time":8.318478499},
{"learn":[0.2712650505],"iteration":69,"passed_time":0.622699665,"remaining_time":8.273009835},
{"learn":[0.2690948454],"iteration":70,"passed_time":0.6297068426,"remaining_time":8.239403616},
{"learn":[0.2666575477],"iteration":71,"passed_time":0.636180464,"remaining_time":8.199659313},
{"learn":[0.2647171806],"iteration":72,"passed_time":0.64285936,"remaining_time":8.163433242},
{"learn":[0.2621066617],"iteration":73,"passed_time":0.6491365435,"remaining_time":8.122978909},
{"learn":[0.2601848795],"iteration":74,"passed_time":0.6559238979,"remaining_time":8.089728074},
{"learn":[0.2579476777],"iteration":75,"passed_time":0.6621356396,"remaining_time":8.050175408},
{"learn":[0.2562564618],"iteration":76,"passed_time":0.6690710609,"remaining_time":8.020163496},
{"learn":[0.2541166209],"iteration":77,"passed_time":0.6749702736,"remaining_time":7.978494772},
{"learn":[0.2520474492],"iteration":78,"passed_time":0.6816901417,"remaining_time":7.947298993},
{"learn":[0.2498080566],"iteration":79,"passed_time":0.6883793373,"remaining_time":7.916362379},
{"learn":[0.2479621604],"iteration":80,"passed_time":0.6950898273,"remaining_time":7.886266066},
{"learn":[0.2458852427],"iteration":81,"passed_time":0.7022788842,"remaining_time":7.862097753},
{"learn":[0.2434146231],"iteration":82,"passed_time":0.7090050975,"remaining_time":7.833224993},
{"learn":[0.2415448333],"iteration":83,"passed_time":0.7156167001,"remaining_time":7.803629729},
{"learn":[0.2392665426],"iteration":84,"passed_time":0.7211481802,"remaining_time":7.762948057},
{"learn":[0.2375104843],"iteration":85,"passed_time":0.7275940444,"remaining_time":7.732801821},
{"learn":[0.2353942088],"iteration":86,"passed_time":0.7336035086,"remaining_time":7.698620729},
{"learn":[0.23348193],"iteration":87,"passed_time":0.7408723749,"remaining_time":7.678131885},
{"learn":[0.232342256],"iteration":88,"passed_time":0.7486089174,"remaining_time":7.662727233},
{"learn":[0.2311438051],"iteration":89,"passed_time":0.7550281796,"remaining_time":7.634173816},
{"learn":[0.2296397594],"iteration":90,"passed_time":0.7615997752,"remaining_time":7.607628523},
{"learn":[0.2280770227],"iteration":91,"passed_time":0.7681575641,"remaining_time":7.581381176},
{"learn":[0.2264337741],"iteration":92,"passed_time":0.774731754,"remaining_time":7.555717214},
{"learn":[0.2250040567],"iteration":93,"passed_time":0.7810001201,"remaining_time":7.527511796},
{"learn":[0.2227914795],"iteration":94,"passed_time":0.7876290137,"remaining_time":7.503202709},
{"learn":[0.220857969],"iteration":95,"passed_time":0.7939949194,"remaining_time":7.476785491},
{"learn":[0.2196878563],"iteration":96,"passed_time":0.8007792163,"remaining_time":7.454676622},
{"learn":[0.2181624172],"iteration":97,"passed_time":0.8086154919,"remaining_time":7.442562997},
{"learn":[0.2173357684],"iteration":98,"passed_time":0.8159524467,"remaining_time":7.42599146},
{"learn":[0.2158913389],"iteration":99,"passed_time":0.8234810664,"remaining_time":7.411329597},
{"learn":[0.2147212238],"iteration":100,"passed_time":0.831119433,"remaining_time":7.397785844},
{"learn":[0.2134863863],"iteration":101,"passed_time":0.8384528387,"remaining_time":7.381673031},
{"learn":[0.2118930412],"iteration":102,"passed_time":0.8458016525,"remaining_time":7.365864877},
{"learn":[0.2107605035],"iteration":103,"passed_time":0.8544033284,"remaining_time":7.361013291},
{"learn":[0.2094869723],"iteration":104,"passed_time":0.8619003108,"remaining_time":7.346674078},
{"learn":[0.2076727006],"iteration":105,"passed_time":0.8690775756,"remaining_time":7.329767477},
{"learn":[0.2066137368],"iteration":106,"passed_time":0.875943349,"remaining_time":7.31044309},
{"learn":[0.2056111551],"iteration":107,"passed_time":0.8820749325,"remaining_time":7.285285554},
{"learn":[0.2040199417],"iteration":108,"passed_time":0.8886282897,"remaining_time":7.263924827},
{"learn":[0.2024553137],"iteration":109,"passed_time":0.8950818796,"remaining_time":7.242026116},
{"learn":[0.201627021],"iteration":110,"passed_time":0.901474338,"remaining_time":7.219916094},
{"learn":[0.2008490748],"iteration":111,"passed_time":0.9080649389,"remaining_time":7.19965773},
{"learn":[0.1995184661],"iteration":112,"passed_time":0.914435241,"remaining_time":7.177912024},
{"learn":[0.1983449226],"iteration":113,"passed_time":0.9209154757,"remaining_time":7.157290452},
{"learn":[0.1973745141],"iteration":114,"passed_time":0.9270945887,"remaining_time":7.134597487},
{"learn":[0.1957889039],"iteration":115,"passed_time":0.9338236406,"remaining_time":7.116380158},
{"learn":[0.1946965088],"iteration":116,"passed_time":0.9411269327,"remaining_time":7.102693005},
{"learn":[0.1935516222],"iteration":117,"passed_time":0.9477407579,"remaining_time":7.08396058},
{"learn":[0.1925316189],"iteration":118,"passed_time":0.9540494993,"remaining_time":7.063173184},
{"learn":[0.1910113056],"iteration":119,"passed_time":0.9605059778,"remaining_time":7.043710504},
{"learn":[0.1897260418],"iteration":120,"passed_time":0.96741713,"remaining_time":7.027765763},
{"learn":[0.1881108407],"iteration":121,"passed_time":0.9742013452,"remaining_time":7.011055583},
{"learn":[0.1869263787],"iteration":122,"passed_time":0.9793651466,"remaining_time":6.982953118},
{"learn":[0.1861513899],"iteration":123,"passed_time":0.9858631384,"remaining_time":6.964646042},
{"learn":[0.1844228047],"iteration":124,"passed_time":0.9923221344,"remaining_time":6.946254941},
{"learn":[0.183492067],"iteration":125,"passed_time":0.9996895115,"remaining_time":6.93435423},
{"learn":[0.1819075371],"iteration":126,"passed_time":1.006142817,"remaining_time":6.91624157},
{"learn":[0.1809091499],"iteration":127,"passed_time":1.012926973,"remaining_time":6.900565004},
{"learn":[0.1797383208],"iteration":128,"passed_time":1.019285055,"remaining_time":6.882149477},
{"learn":[0.1784707217],"iteration":129,"passed_time":1.025582066,"remaining_time":6.863510747},
{"learn":[0.177587292],"iteration":130,"passed_time":1.031648382,"remaining_time":6.843530104},
{"learn":[0.1760990138],"iteration":131,"passed_time":1.038164409,"remaining_time":6.826717478},
{"learn":[0.1748852116],"iteration":132,"passed_time":1.044427231,"remaining_time":6.808409093},
{"learn":[0.174110717],"iteration":133,"passed_time":1.050830189,"remaining_time":6.79118615},
{"learn":[0.1731814979],"iteration":134,"passed_time":1.057920278,"remaining_time":6.778526227},
{"learn":[0.1728132123],"iteration":135,"passed_time":1.064449122,"remaining_time":6.762382658},
{"learn":[0.1720702421],"iteration":136,"passed_time":1.070416635,"remaining_time":6.742843473},
{"learn":[0.1708083667],"iteration":137,"passed_time":1.076319655,"remaining_time":6.723098133},
{"learn":[0.1699483324],"iteration":138,"passed_time":1.082866636,"remaining_time":6.707540815},
{"learn":[0.1691630627],"iteration":139,"passed_time":1.089335069,"remaining_time":6.691629708},
{"learn":[0.1685260907],"iteration":140,"passed_time":1.095941604,"remaining_time":6.676693884},
{"learn":[0.1677935097],"iteration":141,"passed_time":1.10210392,"remaining_time":6.659191293},
{"learn":[0.166455104],"iteration":142,"passed_time":1.107734588,"remaining_time":6.638661131},
{"learn":[0.1657202491],"iteration":143,"passed_time":1.113835597,"remaining_time":6.621133829},
{"learn":[0.1647362288],"iteration":144,"passed_time":1.119298604,"remaining_time":6.600002115},
{"learn":[0.1641396797],"iteration":145,"passed_time":1.126440354,"remaining_time":6.588904535},
{"learn":[0.1632329797],"iteration":146,"passed_time":1.133621691,"remaining_time":6.578090491},
{"learn":[0.162151587],"iteration":147,"passed_time":1.142183457,"remaining_time":6.575272335},
{"learn":[0.1616249399],"iteration":148,"passed_time":1.149876042,"remaining_time":6.567412832},
{"learn":[0.16110939],"iteration":149,"passed_time":1.156661485,"remaining_time":6.554415084},
{"learn":[0.1607580216],"iteration":150,"passed_time":1.164988808,"remaining_time":6.550168861},
{"learn":[0.1597857023],"iteration":151,"passed_time":1.171834302,"remaining_time":6.537601898},
{"learn":[0.1586383555],"iteration":152,"passed_time":1.179693884,"remaining_time":6.530723657},
{"learn":[0.1579571744],"iteration":153,"passed_time":1.186571536,"remaining_time":6.518438437},
{"learn":[0.1572839564],"iteration":154,"passed_time":1.192625724,"remaining_time":6.501733784},
{"learn":[0.1568213687],"iteration":155,"passed_time":1.198344582,"remaining_time":6.483351457},
{"learn":[0.1561504983],"iteration":156,"passed_time":1.204609416,"remaining_time":6.468062023},
{"learn":[0.1550383948],"iteration":157,"passed_time":1.210473589,"remaining_time":6.450751656},
{"learn":[0.154331453],"iteration":158,"passed_time":1.216881685,"remaining_time":6.436462244},
{"learn":[0.1538826166],"iteration":159,"passed_time":1.223563876,"remaining_time":6.42371035},
{"learn":[0.1526495739],"iteration":160,"passed_time":1.229778407,"remaining_time":6.408596791},
{"learn":[0.1521035963],"iteration":161,"passed_time":1.235905264,"remaining_time":6.393139578},
{"learn":[0.1513409298],"iteration":162,"passed_time":1.243079557,"remaining_time":6.383175395},
{"learn":[0.1509259573],"iteration":163,"passed_time":1.249257636,"remaining_time":6.368166974},
{"learn":[0.1501711187],"iteration":164,"passed_time":1.255655648,"remaining_time":6.354378581},
{"learn":[0.1493249709],"iteration":165,"passed_time":1.262318514,"remaining_time":6.342009884},
{"learn":[0.1480613517],"iteration":166,"passed_time":1.268977626,"remaining_time":6.329690792},
{"learn":[0.1474043648],"iteration":167,"passed_time":1.275684521,"remaining_time":6.317675723},
{"learn":[0.1467363947],"iteration":168,"passed_time":1.282213576,"remaining_time":6.304849005},
{"learn":[0.1458955935],"iteration":169,"passed_time":1.288646919,"remaining_time":6.291629073},
{"learn":[0.1454373714],"iteration":170,"passed_time":1.294836708,"remaining_time":6.277307782},
{"learn":[0.1446647903],"iteration":171,"passed_time":1.301099986,"remaining_time":6.263434815},
{"learn":[0.1437253656],"iteration":172,"passed_time":1.30719519,"remaining_time":6.248846371},
{"learn":[0.1427798663],"iteration":173,"passed_time":1.313605572,"remaining_time":6.235851738},
{"learn":[0.1420965072],"iteration":174,"passed_time":1.320670564,"remaining_time":6.226018373},
{"learn":[0.1411813532],"iteration":175,"passed_time":1.327294265,"remaining_time":6.21415042},
{"learn":[0.1403823228],"iteration":176,"passed_time":1.33338489,"remaining_time":6.199863076},
{"learn":[0.1397613919],"iteration":177,"passed_time":1.338658596,"remaining_time":6.181895316},
{"learn":[0.1391122417],"iteration":178,"passed_time":1.345185483,"remaining_time":6.169817214},
{"learn":[0.1381755804],"iteration":179,"passed_time":1.349623091,"remaining_time":6.148282969},
{"learn":[0.1377980555],"iteration":180,"passed_time":1.356270482,"remaining_time":6.136936601},
{"learn":[0.1370013974],"iteration":181,"passed_time":1.363086439,"remaining_time":6.126399491},
{"learn":[0.1360505451],"iteration":182,"passed_time":1.369522344,"remaining_time":6.11420631},
{"learn":[0.1354397998],"iteration":183,"passed_time":1.375819765,"remaining_time":6.101461567},
{"learn":[0.1346948664],"iteration":184,"passed_time":1.382682803,"remaining_time":6.091278294},
{"learn":[0.1338876189],"iteration":185,"passed_time":1.389019089,"remaining_time":6.078825476},
{"learn":[0.1336292934],"iteration":186,"passed_time":1.394868254,"remaining_time":6.064320269},
{"learn":[0.1331153584],"iteration":187,"passed_time":1.400964554,"remaining_time":6.050974564},
{"learn":[0.1322847666],"iteration":188,"passed_time":1.406245508,"remaining_time":6.034206916},
{"learn":[0.1315822272],"iteration":189,"passed_time":1.412834123,"remaining_time":6.023134945},
{"learn":[0.1311979198],"iteration":190,"passed_time":1.419158702,"remaining_time":6.01099157},
{"learn":[0.1308762107],"iteration":191,"passed_time":1.425322956,"remaining_time":5.998234105},
{"learn":[0.1304140174],"iteration":192,"passed_time":1.431210644,"remaining_time":5.984388549},
{"learn":[0.1299519966],"iteration":193,"passed_time":1.437602546,"remaining_time":5.972719858},
{"learn":[0.1296551964],"iteration":194,"passed_time":1.44424658,"remaining_time":5.962146139},
{"learn":[0.129270484],"iteration":195,"passed_time":1.450604305,"remaining_time":5.950438068},
{"learn":[0.1289134099],"iteration":196,"passed_time":1.457228105,"remaining_time":5.939868873},
{"learn":[0.128346908],"iteration":197,"passed_time":1.463940894,"remaining_time":5.929699987},
{"learn":[0.1279345332],"iteration":198,"passed_time":1.470334013,"remaining_time":5.91827912},
{"learn":[0.1275276831],"iteration":199,"passed_time":1.476977221,"remaining_time":5.907908884},
{"learn":[0.1270578141],"iteration":200,"passed_time":1.483199221,"remaining_time":5.89590138},
{"learn":[0.1267342493],"iteration":201,"passed_time":1.489949214,"remaining_time":5.886036992},
{"learn":[0.1262141626],"iteration":202,"passed_time":1.496587132,"remaining_time":5.875763272},
{"learn":[0.1258188452],"iteration":203,"passed_time":1.502887003,"remaining_time":5.864206147},
{"learn":[0.1251636376],"iteration":204,"passed_time":1.509574843,"remaining_time":5.854204881},
{"learn":[0.1247565575],"iteration":205,"passed_time":1.515951311,"remaining_time":5.843035636},
{"learn":[0.1239103278],"iteration":206,"passed_time":1.522973196,"remaining_time":5.834385238},
{"learn":[0.1234627025],"iteration":207,"passed_time":1.528490298,"remaining_time":5.820020749},
{"learn":[0.1233242419],"iteration":208,"passed_time":1.533030801,"remaining_time":5.802044802},
{"learn":[0.1230912713],"iteration":209,"passed_time":1.539857351,"remaining_time":5.792796702},
{"learn":[0.1227906206],"iteration":210,"passed_time":1.54611011,"remaining_time":5.781425955},
{"learn":[0.122401781],"iteration":211,"passed_time":1.550540608,"remaining_time":5.763330186},
{"learn":[0.1216871869],"iteration":212,"passed_time":1.557213432,"remaining_time":5.753647751},
{"learn":[0.1211608597],"iteration":213,"passed_time":1.564935752,"remaining_time":5.747848136},
{"learn":[0.1207817218],"iteration":214,"passed_time":1.571423704,"remaining_time":5.737523757},
{"learn":[0.120594953],"iteration":215,"passed_time":1.577878654,"remaining_time":5.727115116},
{"learn":[0.1200626614],"iteration":216,"passed_time":1.584186904,"remaining_time":5.716213576},
{"learn":[0.1196418471],"iteration":217,"passed_time":1.591294523,"remaining_time":5.708221637},
{"learn":[0.1191006955],"iteration":218,"passed_time":1.597452755,"remaining_time":5.696852062},
{"learn":[0.1184501208],"iteration":219,"passed_time":1.603976509,"remaining_time":5.686825804},
{"learn":[0.1180946586],"iteration":220,"passed_time":1.610437694,"remaining_time":5.676610694},
{"learn":[0.117757033],"iteration":221,"passed_time":1.617154502,"remaining_time":5.667325236},
{"learn":[0.1173294811],"iteration":222,"passed_time":1.623731743,"remaining_time":5.657576523},
{"learn":[0.1170053462],"iteration":223,"passed_time":1.630441839,"remaining_time":5.648316372},
{"learn":[0.1163507891],"iteration":224,"passed_time":1.637035824,"remaining_time":5.638678949},
{"learn":[0.1156171191],"iteration":225,"passed_time":1.644075182,"remaining_time":5.630593765},
{"learn":[0.1153046264],"iteration":226,"passed_time":1.650796208,"remaining_time":5.621433784},
{"learn":[0.1147333428],"iteration":227,"passed_time":1.657110462,"remaining_time":5.610917881},
{"learn":[0.1143622262],"iteration":228,"passed_time":1.663609977,"remaining_time":5.601062412},
{"learn":[0.1140197106],"iteration":229,"passed_time":1.670447248,"remaining_time":5.592366874},
{"learn":[0.1137960312],"iteration":230,"passed_time":1.677361614,"remaining_time":5.583944075},
{"learn":[0.113528456],"iteration":231,"passed_time":1.684147215,"remaining_time":5.575108021},
{"learn":[0.1131950226],"iteration":232,"passed_time":1.69136215,"remaining_time":5.56770287},
{"learn":[0.1128751395],"iteration":233,"passed_time":1.69830483,"remaining_time":5.559408119},
{"learn":[0.1123610567],"iteration":234,"passed_time":1.707000462,"remaining_time":5.556831291},
{"learn":[0.1119787791],"iteration":235,"passed_time":1.71533444,"remaining_time":5.55303183},
{"learn":[0.1116039291],"iteration":236,"passed_time":1.725380641,"remaining_time":5.554706452},
{"learn":[0.1113299645],"iteration":237,"passed_time":1.732160603,"remaining_time":5.545825125},
{"learn":[0.1110352853],"iteration":238,"passed_time":1.73876143,"remaining_time":5.536390996},
{"learn":[0.1107069949],"iteration":239,"passed_time":1.744807354,"remaining_time":5.525223288},
{"learn":[0.1102665092],"iteration":240,"passed_time":1.751481086,"remaining_time":5.516075288},
{"learn":[0.1097694821],"iteration":241,"passed_time":1.757887579,"remaining_time":5.50611068},
{"learn":[0.1095053881],"iteration":242,"passed_time":1.764390292,"remaining_time":5.496475108},
{"learn":[0.1088923495],"iteration":243,"passed_time":1.771029124,"remaining_time":5.487286959},
{"learn":[0.1084804067],"iteration":244,"passed_time":1.77704527,"remaining_time":5.476200729},
{"learn":[0.1081268956],"iteration":245,"passed_time":1.78356831,"remaining_time":5.466709373},
{"learn":[0.1075861651],"iteration":246,"passed_time":1.789171478,"remaining_time":5.454437745},
{"learn":[0.1071046772],"iteration":247,"passed_time":1.79575981,"remaining_time":5.445207167},
{"learn":[0.1063638183],"iteration":248,"passed_time":1.802473571,"remaining_time":5.436376111},
{"learn":[0.1060155046],"iteration":249,"passed_time":1.809016014,"remaining_time":5.427048041},
{"learn":[0.1056685095],"iteration":250,"passed_time":1.816080444,"remaining_time":5.419299812},
{"learn":[0.105303973],"iteration":251,"passed_time":1.822797267,"remaining_time":5.410525222},
{"learn":[0.1050630177],"iteration":252,"passed_time":1.829737853,"remaining_time":5.402427574},
{"learn":[0.1047522041],"iteration":253,"passed_time":1.83621935,"remaining_time":5.39299069},
{"learn":[0.104464555],"iteration":254,"passed_time":1.842619688,"remaining_time":5.383339872},
{"learn":[0.1041610494],"iteration":255,"passed_time":1.849506347,"remaining_time":5.375127822},
{"learn":[0.1037149662],"iteration":256,"passed_time":1.856048389,"remaining_time":5.365929779},
{"learn":[0.1034345044],"iteration":257,"passed_time":1.863361779,"remaining_time":5.358970698},
{"learn":[0.1029194792],"iteration":258,"passed_time":1.870071296,"remaining_time":5.350281198},
{"learn":[0.1023434636],"iteration":259,"passed_time":1.876019782,"remaining_time":5.339440918},
{"learn":[0.1021477704],"iteration":260,"passed_time":1.882486287,"remaining_time":5.330104851},
{"learn":[0.1015858861],"iteration":261,"passed_time":1.888972614,"remaining_time":5.320846525},
{"learn":[0.1012497482],"iteration":262,"passed_time":1.8960226,"remaining_time":5.313188808},
{"learn":[0.1009468641],"iteration":263,"passed_time":1.902579254,"remaining_time":5.304160345},
{"learn":[0.1005644269],"iteration":264,"passed_time":1.90874288,"remaining_time":5.29406044},
{"learn":[0.100037084],"iteration":265,"passed_time":1.91524477,"remaining_time":5.284923539},
{"learn":[0.09983104045],"iteration":266,"passed_time":1.923298975,"remaining_time":5.280067972},
{"learn":[0.09957963818],"iteration":267,"passed_time":1.930839913,"remaining_time":5.273786629},
{"learn":[0.09894905036],"iteration":268,"passed_time":1.938316346,"remaining_time":5.267320629},
{"learn":[0.09863817621],"iteration":269,"passed_time":1.944910929,"remaining_time":5.258462882},
{"learn":[0.09837494634],"iteration":270,"passed_time":1.951270867,"remaining_time":5.248990634},
{"learn":[0.0980481648],"iteration":271,"passed_time":1.957322144,"remaining_time":5.238715149},
{"learn":[0.09777512438],"iteration":272,"passed_time":1.963954164,"remaining_time":5.230017132},
{"learn":[0.0974753389],"iteration":273,"passed_time":1.969459549,"remaining_time":5.218349025},
{"learn":[0.0970493033],"iteration":274,"passed_time":1.975955334,"remaining_time":5.209336789},
{"learn":[0.09658835522],"iteration":275,"passed_time":1.982834628,"remaining_time":5.201348808},
{"learn":[0.09609064288],"iteration":276,"passed_time":1.989425675,"remaining_time":5.192616472},
{"learn":[0.09571796242],"iteration":277,"passed_time":1.995755423,"remaining_time":5.183220919},
{"learn":[0.0953638168],"iteration":278,"passed_time":2.002454613,"remaining_time":5.174802064},
{"learn":[0.09497419444],"iteration":279,"passed_time":2.008069333,"remaining_time":5.163606855},
{"learn":[0.0947745946],"iteration":280,"passed_time":2.015150481,"remaining_time":5.156203543},
{"learn":[0.09455092346],"iteration":281,"passed_time":2.021769687,"remaining_time":5.147626367},
{"learn":[0.09421952604],"iteration":282,"passed_time":2.028350131,"remaining_time":5.13896482},
{"learn":[0.09419747073],"iteration":283,"passed_time":2.033183768,"remaining_time":5.125914008},
{"learn":[0.09399948876],"iteration":284,"passed_time":2.03955721,"remaining_time":5.116783879},
{"learn":[0.09376383233],"iteration":285,"passed_time":2.046196289,"remaining_time":5.108336191},
{"learn":[0.09357937039],"iteration":286,"passed_time":2.053664693,"remaining_time":5.101961415},
{"learn":[0.09323107043],"iteration":287,"passed_time":2.060593784,"remaining_time":5.094245743},
{"learn":[0.0930316884],"iteration":288,"passed_time":2.067159026,"remaining_time":5.085640371},
{"learn":[0.09268735043],"iteration":289,"passed_time":2.073717311,"remaining_time":5.077032037},
{"learn":[0.09221296217],"iteration":290,"passed_time":2.079523104,"remaining_time":5.066604401},
{"learn":[0.09190636283],"iteration":291,"passed_time":2.086554087,"remaining_time":5.059179088},
{"learn":[0.09158811761],"iteration":292,"passed_time":2.093643144,"remaining_time":5.051896596},
{"learn":[0.09135749042],"iteration":293,"passed_time":2.099182378,"remaining_time":5.040893738},
{"learn":[0.09100555352],"iteration":294,"passed_time":2.105534492,"remaining_time":5.031870566},
{"learn":[0.09065848712],"iteration":295,"passed_time":2.110853133,"remaining_time":5.020407452},
{"learn":[0.09029059915],"iteration":296,"passed_time":2.117379415,"remaining_time":5.011844206},
{"learn":[0.0900145225],"iteration":297,"passed_time":2.123915034,"remaining_time":5.003316624},
{"learn":[0.08971746607],"iteration":298,"passed_time":2.130516864,"remaining_time":4.994957597},
{"learn":[0.08947669412],"iteration":299,"passed_time":2.137092353,"remaining_time":4.986548824},
{"learn":[0.08928130437],"iteration":300,"passed_time":2.143737586,"remaining_time":4.978314194},
{"learn":[0.08911862542],"iteration":301,"passed_time":2.150092382,"remaining_time":4.969418816},
{"learn":[0.08885482627],"iteration":302,"passed_time":2.15701519,"remaining_time":4.961846823},
{"learn":[0.08864608006],"iteration":303,"passed_time":2.163466468,"remaining_time":4.953199544},
{"learn":[0.08826523288],"iteration":304,"passed_time":2.170727998,"remaining_time":4.946412978},
{"learn":[0.08809563945],"iteration":305,"passed_time":2.177202763,"remaining_time":4.937838946},
{"learn":[0.08761708141],"iteration":306,"passed_time":2.183498243,"remaining_time":4.928873883},
{"learn":[0.0874356366],"iteration":307,"passed_time":2.189392444,"remaining_time":4.919024582},
{"learn":[0.08711840976],"iteration":308,"passed_time":2.195782902,"remaining_time":4.910310632},
{"learn":[0.08690874131],"iteration":309,"passed_time":2.202243662,"remaining_time":4.901768151},
{"learn":[0.08669130286],"iteration":310,"passed_time":2.208830075,"remaining_time":4.893517433},
{"learn":[0.08651463197],"iteration":311,"passed_time":2.215180182,"remaining_time":4.8847563},
{"learn":[0.08627453284],"iteration":312,"passed_time":2.222012119,"remaining_time":4.877068133},
{"learn":[0.08587473393],"iteration":313,"passed_time":2.228386485,"remaining_time":4.868385761},
{"learn":[0.08571836568],"iteration":314,"passed_time":2.234187409,"remaining_time":4.858471033},
{"learn":[0.08540665091],"iteration":315,"passed_time":2.24104001,"remaining_time":4.850858757},
{"learn":[0.08524171957],"iteration":316,"passed_time":2.245471398,"remaining_time":4.838034589},
{"learn":[0.08468742807],"iteration":317,"passed_time":2.252154134,"remaining_time":4.830091571},
{"learn":[0.08447519486],"iteration":318,"passed_time":2.258196063,"remaining_time":4.820788461},
{"learn":[0.08391650459],"iteration":319,"passed_time":2.264491212,"remaining_time":4.812043825},
{"learn":[0.08360130898],"iteration":320,"passed_time":2.27120717,"remaining_time":4.804204575},
{"learn":[0.08340702205],"iteration":321,"passed_time":2.278069908,"remaining_time":4.796681358},
{"learn":[0.08321565099],"iteration":322,"passed_time":2.284956981,"remaining_time":4.78921324},
{"learn":[0.08294871419],"iteration":323,"passed_time":2.291458049,"remaining_time":4.780943337},
{"learn":[0.08267168465],"iteration":324,"passed_time":2.297336146,"remaining_time":4.771390457},
{"learn":[0.08236683956],"iteration":325,"passed_time":2.303472596,"remaining_time":4.762394264},
{"learn":[0.08196393364],"iteration":326,"passed_time":2.310309033,"remaining_time":4.754856206},
{"learn":[0.08157945868],"iteration":327,"passed_time":2.317044458,"remaining_time":4.747115474},
{"learn":[0.08122834709],"iteration":328,"passed_time":2.323542314,"remaining_time":4.738896331},
{"learn":[0.08069898459],"iteration":329,"passed_time":2.329269007,"remaining_time":4.729121923},
{"learn":[0.08024984035],"iteration":330,"passed_time":2.335715302,"remaining_time":4.720826396},
{"learn":[0.07995274077],"iteration":331,"passed_time":2.341599209,"remaining_time":4.711410456},
{"learn":[0.07957616497],"iteration":332,"passed_time":2.348116618,"remaining_time":4.703284638},
{"learn":[0.07933965867],"iteration":333,"passed_time":2.355094776,"remaining_time":4.696087188},
{"learn":[0.07915497178],"iteration":334,"passed_time":2.361047011,"remaining_time":4.686854514},
{"learn":[0.07880364185],"iteration":335,"passed_time":2.367422936,"remaining_time":4.67847866},
{"learn":[0.07835308276],"iteration":336,"passed_time":2.37466986,"remaining_time":4.671828241},
{"learn":[0.07815738724],"iteration":337,"passed_time":2.381237739,"remaining_time":4.663844329},
{"learn":[0.07791595524],"iteration":338,"passed_time":2.388100195,"remaining_time":4.656443154},
{"learn":[0.07777709447],"iteration":339,"passed_time":2.394876244,"remaining_time":4.648877414},
{"learn":[0.07759609629],"iteration":340,"passed_time":2.401489383,"remaining_time":4.641001476},
{"learn":[0.07732789802],"iteration":341,"passed_time":2.407603216,"remaining_time":4.632172269},
{"learn":[0.07698862679],"iteration":342,"passed_time":2.414358021,"remaining_time":4.624586647},
{"learn":[0.07662534318],"iteration":343,"passed_time":2.421850467,"remaining_time":4.618412519},
{"learn":[0.07645358795],"iteration":344,"passed_time":2.428323166,"remaining_time":4.610294707},
{"learn":[0.07623759533],"iteration":345,"passed_time":2.434976681,"remaining_time":4.602528178},
{"learn":[0.07593680634],"iteration":346,"passed_time":2.441697846,"remaining_time":4.594895371},
{"learn":[0.07580152123],"iteration":347,"passed_time":2.447357354,"remaining_time":4.58527872},
{"learn":[0.0755597758],"iteration":348,"passed_time":2.453958343,"remaining_time":4.57744092},
{"learn":[0.0751826632],"iteration":349,"passed_time":2.460559483,"remaining_time":4.569610469},
{"learn":[0.07504069312],"iteration":350,"passed_time":2.466569428,"remaining_time":4.560693899},
{"learn":[0.07475673501],"iteration":351,"passed_time":2.47298735,"remaining_time":4.552544895},
{"learn":[0.0744628393],"iteration":352,"passed_time":2.478754166,"remaining_time":4.54321231},
{"learn":[0.07420740047],"iteration":353,"passed_time":2.485454383,"remaining_time":4.535603195},
{"learn":[0.0739516814],"iteration":354,"passed_time":2.492657534,"remaining_time":4.528912984},
{"learn":[0.07375377135],"iteration":355,"passed_time":2.499322156,"remaining_time":4.521245698},
{"learn":[0.07344154074],"iteration":356,"passed_time":2.505618621,"remaining_time":4.512920934},
{"learn":[0.07320967383],"iteration":357,"passed_time":2.514020999,"remaining_time":4.508384027},
{"learn":[0.07280676668],"iteration":358,"passed_time":2.521339727,"remaining_time":4.50189071},
{"learn":[0.07259958252],"iteration":359,"passed_time":2.527055252,"remaining_time":4.492542671},
{"learn":[0.07239362796],"iteration":360,"passed_time":2.53373263,"remaining_time":4.484917314},
{"learn":[0.07211184079],"iteration":361,"passed_time":2.540406451,"remaining_time":4.477290927},
{"learn":[0.07185146463],"iteration":362,"passed_time":2.547058202,"remaining_time":4.46963106},
{"learn":[0.07164649949],"iteration":363,"passed_time":2.553527464,"remaining_time":4.461657877},
{"learn":[0.07128388684],"iteration":364,"passed_time":2.559813949,"remaining_time":4.453374953},
{"learn":[0.07090686255],"iteration":365,"passed_time":2.566259527,"remaining_time":4.445378525},
{"learn":[0.07048349771],"iteration":366,"passed_time":2.573182927,"remaining_time":4.438214694},
{"learn":[0.07028771908],"iteration":367,"passed_time":2.579753112,"remaining_time":4.430445563},
{"learn":[0.06996370119],"iteration":368,"passed_time":2.586452911,"remaining_time":4.422904571},
{"learn":[0.06965602061],"iteration":369,"passed_time":2.593273478,"remaining_time":4.41557376},
{"learn":[0.06941415975],"iteration":370,"passed_time":2.599658958,"remaining_time":4.407508045},
{"learn":[0.06920647128],"iteration":371,"passed_time":2.606278416,"remaining_time":4.399846358},
{"learn":[0.06898945544],"iteration":372,"passed_time":2.612724498,"remaining_time":4.391898821},
{"learn":[0.06880386929],"iteration":373,"passed_time":2.619308036,"remaining_time":4.384189387},
{"learn":[0.06857742605],"iteration":374,"passed_time":2.624707894,"remaining_time":4.374513157},
{"learn":[0.06830341953],"iteration":375,"passed_time":2.631101533,"remaining_time":4.366508928},
{"learn":[0.06813744217],"iteration":376,"passed_time":2.637685468,"remaining_time":4.358827709},
{"learn":[0.06779851273],"iteration":377,"passed_time":2.644227959,"remaining_time":4.351084101},
{"learn":[0.0675272151],"iteration":378,"passed_time":2.650110696,"remaining_time":4.34226581},
{"learn":[0.06738069984],"iteration":379,"passed_time":2.658251328,"remaining_time":4.337146903},
{"learn":[0.06729678812],"iteration":380,"passed_time":2.665067685,"remaining_time":4.329860623},
{"learn":[0.06708092034],"iteration":381,"passed_time":2.671625118,"remaining_time":4.322157913},
{"learn":[0.0669951379],"iteration":382,"passed_time":2.67818772,"remaining_time":4.314469513},
{"learn":[0.06664114037],"iteration":383,"passed_time":2.684972846,"remaining_time":4.307143941},
{"learn":[0.06643680544],"iteration":384,"passed_time":2.691328485,"remaining_time":4.299135112},
{"learn":[0.06621035181],"iteration":385,"passed_time":2.698209644,"remaining_time":4.291970782},
{"learn":[0.06605956438],"iteration":386,"passed_time":2.704674911,"remaining_time":4.284149149},
{"learn":[0.06572282244],"iteration":387,"passed_time":2.711852196,"remaining_time":4.277457588},
{"learn":[0.06554114995],"iteration":388,"passed_time":2.71830207,"remaining_time":4.269620988},
{"learn":[0.06541730681],"iteration":389,"passed_time":2.724703615,"remaining_time":4.26171591},
{"learn":[0.06524847529],"iteration":390,"passed_time":2.731383232,"remaining_time":4.254251632},
{"learn":[0.06509029883],"iteration":391,"passed_time":2.737767808,"remaining_time":4.246333743},
{"learn":[0.06481310888],"iteration":392,"passed_time":2.744296352,"remaining_time":4.23864602},
{"learn":[0.06453664],"iteration":393,"passed_time":2.751000979,"remaining_time":4.231235008},
{"learn":[0.06437290613],"iteration":394,"passed_time":2.756682621,"remaining_time":4.222260723},
{"learn":[0.06421168551],"iteration":395,"passed_time":2.763356967,"remaining_time":4.214817193},
{"learn":[0.06407821636],"iteration":396,"passed_time":2.769151212,"remaining_time":4.206040758},
{"learn":[0.06392074635],"iteration":397,"passed_time":2.776017479,"remaining_time":4.198900811},
{"learn":[0.06371648907],"iteration":398,"passed_time":2.783033017,"remaining_time":4.191987075},
{"learn":[0.06341500948],"iteration":399,"passed_time":2.789337278,"remaining_time":4.184005917},
{"learn":[0.06314556514],"iteration":400,"passed_time":2.795960804,"remaining_time":4.176510028},
{"learn":[0.0629462502],"iteration":401,"passed_time":2.80233031,"remaining_time":4.16864061},
{"learn":[0.06273893944],"iteration":402,"passed_time":2.808731342,"remaining_time":4.160825337},
{"learn":[0.06249524026],"iteration":403,"passed_time":2.815378306,"remaining_time":4.153379878},
{"learn":[0.06234657395],"iteration":404,"passed_time":2.821831429,"remaining_time":4.14565358},
{"learn":[0.06212654142],"iteration":405,"passed_time":2.828141814,"remaining_time":4.137724723},
{"learn":[0.06185965524],"iteration":406,"passed_time":2.834717879,"remaining_time":4.130190914},
{"learn":[0.06172323121],"iteration":407,"passed_time":2.841110831,"remaining_time":4.122396108},
{"learn":[0.06137809937],"iteration":408,"passed_time":2.847393512,"remaining_time":4.114448815},
{"learn":[0.06104793894],"iteration":409,"passed_time":2.853976968,"remaining_time":4.106942466},
{"learn":[0.06091654829],"iteration":410,"passed_time":2.860380646,"remaining_time":4.09918297},
{"learn":[0.06063935588],"iteration":411,"passed_time":2.86633692,"remaining_time":4.090791527},
{"learn":[0.06039822154],"iteration":412,"passed_time":2.872744195,"remaining_time":4.083052887},
{"learn":[0.06012827589],"iteration":413,"passed_time":2.879771472,"remaining_time":4.076198267},
{"learn":[0.06000912189],"iteration":414,"passed_time":2.886255215,"remaining_time":4.068576629},
{"learn":[0.05987070124],"iteration":415,"passed_time":2.892511778,"remaining_time":4.060641534},
{"learn":[0.0595788718],"iteration":416,"passed_time":2.898723224,"remaining_time":4.052651414},
{"learn":[0.05939336242],"iteration":417,"passed_time":2.905113704,"remaining_time":4.044919081},
{"learn":[0.05925672551],"iteration":418,"passed_time":2.911359126,"remaining_time":4.03699201},
{"learn":[0.05900917184],"iteration":419,"passed_time":2.917665699,"remaining_time":4.029157394},
{"learn":[0.05885436017],"iteration":420,"passed_time":2.924394322,"remaining_time":4.02191048},
{"learn":[0.05868527932],"iteration":421,"passed_time":2.93147641,"remaining_time":4.015150155},
{"learn":[0.05850047692],"iteration":422,"passed_time":2.937600223,"remaining_time":4.007081156},
{"learn":[0.05833122755],"iteration":423,"passed_time":2.944104463,"remaining_time":3.999538138},
{"learn":[0.05825640426],"iteration":424,"passed_time":2.950367699,"remaining_time":3.991673945},
{"learn":[0.05806048987],"iteration":425,"passed_time":2.956729813,"remaining_time":3.983950499},
{"learn":[0.05788307158],"iteration":426,"passed_time":2.963214396,"remaining_time":3.976397772},
{"learn":[0.05785451752],"iteration":427,"passed_time":2.967931426,"remaining_time":3.966487793},
{"learn":[0.05759588232],"iteration":428,"passed_time":2.974449904,"remaining_time":3.958999756},
{"learn":[0.05747165145],"iteration":429,"passed_time":2.981018281,"remaining_time":3.951582373},
{"learn":[0.05733170432],"iteration":430,"passed_time":2.987752193,"remaining_time":3.944387465},
{"learn":[0.0570767734],"iteration":431,"passed_time":2.993897662,"remaining_time":3.936421},
{"learn":[0.05703942304],"iteration":432,"passed_time":3.00049035,"remaining_time":3.929048565},
{"learn":[0.05675062682],"iteration":433,"passed_time":3.006767921,"remaining_time":3.921268763},
{"learn":[0.05659101281],"iteration":434,"passed_time":3.013308005,"remaining_time":3.913836835},
{"learn":[0.05641392679],"iteration":435,"passed_time":3.019117646,"remaining_time":3.905464111},
{"learn":[0.05621059201],"iteration":436,"passed_time":3.025573891,"remaining_time":3.897936157},
{"learn":[0.0560514286],"iteration":437,"passed_time":3.033063882,"remaining_time":3.891739501},
{"learn":[0.0557923685],"iteration":438,"passed_time":3.038691278,"remaining_time":3.883156736},
{"learn":[0.05553649166],"iteration":439,"passed_time":3.045251773,"remaining_time":3.875774984},
{"learn":[0.05529964921],"iteration":440,"passed_time":3.051484945,"remaining_time":3.867982051},
{"learn":[0.05519576597],"iteration":441,"passed_time":3.058140672,"remaining_time":3.860729626},
{"learn":[0.05505014751],"iteration":442,"passed_time":3.064648707,"remaining_time":3.853294199},
{"learn":[0.05493315636],"iteration":443,"passed_time":3.071298491,"remaining_time":3.846040452},
{"learn":[0.05475681061],"iteration":444,"passed_time":3.077544128,"remaining_time":3.838285373},
{"learn":[0.05458084502],"iteration":445,"passed_time":3.084048375,"remaining_time":3.830858296},
{"learn":[0.05441876018],"iteration":446,"passed_time":3.090379624,"remaining_time":3.823221324},
{"learn":[0.0542340342],"iteration":447,"passed_time":3.09746126,"remaining_time":3.816514767},
{"learn":[0.0539749049],"iteration":448,"passed_time":3.103830263,"remaining_time":3.808932016},
{"learn":[0.05370374673],"iteration":449,"passed_time":3.110212378,"remaining_time":3.801370684},
{"learn":[0.05359739285],"iteration":450,"passed_time":3.116914792,"remaining_time":3.794204481},
{"learn":[0.05345253842],"iteration":451,"passed_time":3.123449235,"remaining_time":3.786836683},
{"learn":[0.05326556068],"iteration":452,"passed_time":3.12994034,"remaining_time":3.779420235},
{"learn":[0.05313357504],"iteration":453,"passed_time":3.13681397,"remaining_time":3.772467903},
{"learn":[0.05296243452],"iteration":454,"passed_time":3.143725479,"remaining_time":3.765561289},
{"learn":[0.05283305406],"iteration":455,"passed_time":3.150095065,"remaining_time":3.758008148},
{"learn":[0.05271839761],"iteration":456,"passed_time":3.1578582,"remaining_time":3.752115979},
{"learn":[0.05263893678],"iteration":457,"passed_time":3.164117338,"remaining_time":3.744435801},
{"learn":[0.05245980396],"iteration":458,"passed_time":3.170317634,"remaining_time":3.736692462},
{"learn":[0.05234286193],"iteration":459,"passed_time":3.17665676,"remaining_time":3.729118805},
{"learn":[0.05227036825],"iteration":460,"passed_time":3.183270549,"remaining_time":3.72187164},
{"learn":[0.05215262786],"iteration":461,"passed_time":3.189688063,"remaining_time":3.714398654},
{"learn":[0.05200240778],"iteration":462,"passed_time":3.195385022,"remaining_time":3.706094507},
{"learn":[0.05183339436],"iteration":463,"passed_time":3.201670943,"remaining_time":3.698481951},
{"learn":[0.05170819819],"iteration":464,"passed_time":3.207967406,"remaining_time":3.690887231},
{"learn":[0.05146962941],"iteration":465,"passed_time":3.213774062,"remaining_time":3.6827368},
{"learn":[0.05134462307],"iteration":466,"passed_time":3.220320301,"remaining_time":3.675440515},
{"learn":[0.05122027122],"iteration":467,"passed_time":3.226717279,"remaining_time":3.667977761},
{"learn":[0.05106842201],"iteration":468,"passed_time":3.233509535,"remaining_time":3.660967085},
{"learn":[0.05095203941],"iteration":469,"passed_time":3.238777609,"remaining_time":3.65223858},
{"learn":[0.0507950015],"iteration":470,"passed_time":3.24520694,"remaining_time":3.644829026},
{"learn":[0.05063155043],"iteration":471,"passed_time":3.252107868,"remaining_time":3.637951174},
{"learn":[0.05045317529],"iteration":472,"passed_time":3.25868726,"remaining_time":3.630714981},
{"learn":[0.05029577536],"iteration":473,"passed_time":3.26540548,"remaining_time":3.623635617},
{"learn":[0.05002027812],"iteration":474,"passed_time":3.272141472,"remaining_time":3.616577416},
{"learn":[0.04992489818],"iteration":475,"passed_time":3.2786762,"remaining_time":3.60929901},
{"learn":[0.0496186062],"iteration":476,"passed_time":3.285127974,"remaining_time":3.601932768},
{"learn":[0.0494508937],"iteration":477,"passed_time":3.291950487,"remaining_time":3.594975218},
{"learn":[0.0492303338],"iteration":478,"passed_time":3.298300332,"remaining_time":3.587504119},
{"learn":[0.0490468906],"iteration":479,"passed_time":3.304958162,"remaining_time":3.580371342},
{"learn":[0.04894067741],"iteration":480,"passed_time":3.311438168,"remaining_time":3.573048668},
{"learn":[0.04881385211],"iteration":481,"passed_time":3.318339991,"remaining_time":3.566182812},
{"learn":[0.04858956256],"iteration":482,"passed_time":3.325077585,"remaining_time":3.559141017},
{"learn":[0.04845111444],"iteration":483,"passed_time":3.331460306,"remaining_time":3.551722144},
{"learn":[0.04826568501],"iteration":484,"passed_time":3.337767464,"remaining_time":3.544227307},
{"learn":[0.04817935723],"iteration":485,"passed_time":3.343942281,"remaining_time":3.536597392},
{"learn":[0.04797868979],"iteration":486,"passed_time":3.350643341,"remaining_time":3.52952779},
{"learn":[0.04790355166],"iteration":487,"passed_time":3.357221022,"remaining_time":3.522330252},
{"learn":[0.04771080979],"iteration":488,"passed_time":3.364157273,"remaining_time":3.515509951},
{"learn":[0.04747323131],"iteration":489,"passed_time":3.369980734,"remaining_time":3.507530968},
{"learn":[0.04729844953],"iteration":490,"passed_time":3.3768661,"remaining_time":3.500661598},
{"learn":[0.04721689348],"iteration":491,"passed_time":3.383210374,"remaining_time":3.493233475},
{"learn":[0.04710776292],"iteration":492,"passed_time":3.390769735,"remaining_time":3.487059342},
{"learn":[0.04710106607],"iteration":493,"passed_time":3.396235864,"remaining_time":3.478735521},
{"learn":[0.04701768507],"iteration":494,"passed_time":3.402651565,"remaining_time":3.471392001},
{"learn":[0.0469486937],"iteration":495,"passed_time":3.408278943,"remaining_time":3.463251184},
{"learn":[0.04679327349],"iteration":496,"passed_time":3.41489378,"remaining_time":3.456119862},
{"learn":[0.04661140678],"iteration":497,"passed_time":3.421652181,"remaining_time":3.449135331},
{"learn":[0.0465063186],"iteration":498,"passed_time":3.428331861,"remaining_time":3.44207267},
{"learn":[0.0463950803],"iteration":499,"passed_time":3.434888426,"remaining_time":3.434888426},
{"learn":[0.04623193649],"iteration":500,"passed_time":3.441238057,"remaining_time":3.427500579},
{"learn":[0.04610284199],"iteration":501,"passed_time":3.446476391,"remaining_time":3.419014428},
{"learn":[0.04594613284],"iteration":502,"passed_time":3.453419315,"remaining_time":3.412225447},
{"learn":[0.04586941787],"iteration":503,"passed_time":3.459938799,"remaining_time":3.405019136},
{"learn":[0.04571870775],"iteration":504,"passed_time":3.466653819,"remaining_time":3.398007209},
{"learn":[0.04556363513],"iteration":505,"passed_time":3.473201463,"remaining_time":3.390833048},
{"learn":[0.04546799547],"iteration":506,"passed_time":3.479758766,"remaining_time":3.383670753},
{"learn":[0.04537757161],"iteration":507,"passed_time":3.486389304,"remaining_time":3.376581767},
{"learn":[0.04525374908],"iteration":508,"passed_time":3.492932361,"remaining_time":3.369410195},
{"learn":[0.04516313153],"iteration":509,"passed_time":3.499661115,"remaining_time":3.362419503},
{"learn":[0.04509550553],"iteration":510,"passed_time":3.506173426,"remaining_time":3.355222711},
{"learn":[0.04498540545],"iteration":511,"passed_time":3.512643681,"remaining_time":3.347988508},
{"learn":[0.04484006239],"iteration":512,"passed_time":3.519908704,"remaining_time":3.341511772},
{"learn":[0.04468000006],"iteration":513,"passed_time":3.526778566,"remaining_time":3.334658333},
{"learn":[0.04461595491],"iteration":514,"passed_time":3.53295556,"remaining_time":3.327152324},
{"learn":[0.04445090357],"iteration":515,"passed_time":3.539623402,"remaining_time":3.320111873},
{"learn":[0.04438178472],"iteration":516,"passed_time":3.545744751,"remaining_time":3.312562311},
{"learn":[0.0442806315],"iteration":517,"passed_time":3.551963574,"remaining_time":3.305108962},
{"learn":[0.04418987978],"iteration":518,"passed_time":3.558555526,"remaining_time":3.298006181},
{"learn":[0.04409850929],"iteration":519,"passed_time":3.564957481,"remaining_time":3.290729983},
{"learn":[0.04399345562],"iteration":520,"passed_time":3.571593835,"remaining_time":3.283672643},
{"learn":[0.04390826694],"iteration":521,"passed_time":3.57782323,"remaining_time":3.27624426},
{"learn":[0.04378970652],"iteration":522,"passed_time":3.584269741,"remaining_time":3.269018483},
{"learn":[0.04365713558],"iteration":523,"passed_time":3.590394374,"remaining_time":3.261503286},
{"learn":[0.04357278717],"iteration":524,"passed_time":3.597011325,"remaining_time":3.254438818},
{"learn":[0.04342104818],"iteration":525,"passed_time":3.603385995,"remaining_time":3.247157722},
{"learn":[0.04319623531],"iteration":526,"passed_time":3.610222879,"remaining_time":3.240294918},
{"learn":[0.04308359838],"iteration":527,"passed_time":3.61673894,"remaining_time":3.233145416},
{"learn":[0.04288728956],"iteration":528,"passed_time":3.623022144,"remaining_time":3.225790982},
{"learn":[0.04276675717],"iteration":529,"passed_time":3.629584168,"remaining_time":3.218687847},
{"learn":[0.04262582749],"iteration":530,"passed_time":3.635879761,"remaining_time":3.211351427},
{"learn":[0.04249194401],"iteration":531,"passed_time":3.642561412,"remaining_time":3.204358536},
{"learn":[0.04239978572],"iteration":532,"passed_time":3.649000907,"remaining_time":3.19715464},
{"learn":[0.04232601683],"iteration":533,"passed_time":3.655517158,"remaining_time":3.190020591},
{"learn":[0.04211215483],"iteration":534,"passed_time":3.662088536,"remaining_time":3.182936765},
{"learn":[0.04196369014],"iteration":535,"passed_time":3.669059793,"remaining_time":3.176201015},
{"learn":[0.04183548698],"iteration":536,"passed_time":3.675581085,"remaining_time":3.169076429},
{"learn":[0.04172955077],"iteration":537,"passed_time":3.682435203,"remaining_time":3.162239896},
{"learn":[0.0416171556],"iteration":538,"passed_time":3.688893445,"remaining_time":3.155064709},
{"learn":[0.04153077342],"iteration":539,"passed_time":3.694481503,"remaining_time":3.14715091},
{"learn":[0.04141206069],"iteration":540,"passed_time":3.700942551,"remaining_time":3.139986378},
{"learn":[0.04128056861],"iteration":541,"passed_time":3.707617592,"remaining_time":3.133005272},
{"learn":[0.04109741067],"iteration":542,"passed_time":3.713893785,"remaining_time":3.125689613},
{"learn":[0.04099195817],"iteration":543,"passed_time":3.720333161,"remaining_time":3.118514561},
{"learn":[0.04083738915],"iteration":544,"passed_time":3.726911239,"remaining_time":3.111458007},
{"learn":[0.04073901877],"iteration":545,"passed_time":3.733133567,"remaining_time":3.104107398},
{"learn":[0.04061094996],"iteration":546,"passed_time":3.739283125,"remaining_time":3.09670065},
{"learn":[0.04048522572],"iteration":547,"passed_time":3.746001936,"remaining_time":3.08976802},
{"learn":[0.04036555685],"iteration":548,"passed_time":3.751487505,"remaining_time":3.081823069},
{"learn":[0.0402388696],"iteration":549,"passed_time":3.75949778,"remaining_time":3.075952729},
{"learn":[0.04014443893],"iteration":550,"passed_time":3.766087672,"remaining_time":3.068917177},
{"learn":[0.04002958281],"iteration":551,"passed_time":3.772581905,"remaining_time":3.061805604},
{"learn":[0.03990748027],"iteration":552,"passed_time":3.778546537,"remaining_time":3.054268178},
{"learn":[0.03979082527],"iteration":553,"passed_time":3.784324152,"remaining_time":3.046585869},
{"learn":[0.03967454462],"iteration":554,"passed_time":3.791109064,"remaining_time":3.039718078},
{"learn":[0.03951801525],"iteration":555,"passed_time":3.797635202,"remaining_time":3.032643939},
{"learn":[0.03938810706],"iteration":556,"passed_time":3.80422572,"remaining_time":3.025622969},
{"learn":[0.03931662762],"iteration":557,"passed_time":3.810753147,"remaining_time":3.018553568},
{"learn":[0.03920616903],"iteration":558,"passed_time":3.817300703,"remaining_time":3.011501986},
{"learn":[0.03914892145],"iteration":559,"passed_time":3.82405598,"remaining_time":3.004615413},
{"learn":[0.03902181758],"iteration":560,"passed_time":3.830494394,"remaining_time":2.997481353},
{"learn":[0.03888713856],"iteration":561,"passed_time":3.837152492,"remaining_time":2.990520982},
{"learn":[0.03880932923],"iteration":562,"passed_time":3.843692779,"remaining_time":2.983470239},
{"learn":[0.03871020679],"iteration":563,"passed_time":3.850881175,"remaining_time":2.976922327},
{"learn":[0.03861529471],"iteration":564,"passed_time":3.857581371,"remaining_time":2.969996276},
{"learn":[0.03848855376],"iteration":565,"passed_time":3.864355601,"remaining_time":2.963127793},
{"learn":[0.038342777],"iteration":566,"passed_time":3.870139435,"remaining_time":2.955503307},
{"learn":[0.03821024197],"iteration":567,"passed_time":3.877243198,"remaining_time":2.948889193},
{"learn":[0.03814389646],"iteration":568,"passed_time":3.883561894,"remaining_time":2.941678693},
{"learn":[0.03803713529],"iteration":569,"passed_time":3.889899131,"remaining_time":2.934485309},
{"learn":[0.03796858432],"iteration":570,"passed_time":3.896353892,"remaining_time":2.927383222},
{"learn":[0.03785406645],"iteration":571,"passed_time":3.903194557,"remaining_time":2.920572151},
{"learn":[0.03768065708],"iteration":572,"passed_time":3.909831489,"remaining_time":2.913609155},
{"learn":[0.03757756975],"iteration":573,"passed_time":3.917055946,"remaining_time":2.907083333},
{"learn":[0.03746602366],"iteration":574,"passed_time":3.923855031,"remaining_time":2.900240675},
{"learn":[0.03736515447],"iteration":575,"passed_time":3.930494561,"remaining_time":2.893280718},
{"learn":[0.03730666268],"iteration":576,"passed_time":3.937271381,"remaining_time":2.88642252},
{"learn":[0.03724082763],"iteration":577,"passed_time":3.943646635,"remaining_time":2.879271419},
{"learn":[0.03715736739],"iteration":578,"passed_time":3.949820745,"remaining_time":2.871976742},
{"learn":[0.03704693663],"iteration":579,"passed_time":3.956554594,"remaining_time":2.865091258},
{"learn":[0.03693476861],"iteration":580,"passed_time":3.962920192,"remaining_time":2.857940723},
{"learn":[0.03681845485],"iteration":581,"passed_time":3.969601602,"remaining_time":2.851019707},
{"learn":[0.03669133232],"iteration":582,"passed_time":3.976038381,"remaining_time":2.843924537},
{"learn":[0.03661375243],"iteration":583,"passed_time":3.982326591,"remaining_time":2.836725791},
{"learn":[0.03647494897],"iteration":584,"passed_time":3.989410562,"remaining_time":2.830094672},
{"learn":[0.03640502859],"iteration":585,"passed_time":3.996036955,"remaining_time":2.823138736},
{"learn":[0.03627024901],"iteration":586,"passed_time":4.002835114,"remaining_time":2.816304773},
{"learn":[0.03621089053],"iteration":587,"passed_time":4.010806831,"remaining_time":2.810293222},
{"learn":[0.03613940493],"iteration":588,"passed_time":4.018621935,"remaining_time":2.804165731},
{"learn":[0.0360607106],"iteration":589,"passed_time":4.024169473,"remaining_time":2.796456753},
{"learn":[0.03593837546],"iteration":590,"passed_time":4.032524235,"remaining_time":2.790697821},
{"learn":[0.03586412321],"iteration":591,"passed_time":4.040789327,"remaining_time":2.78486832},
{"learn":[0.03578476469],"iteration":592,"passed_time":4.048583159,"remaining_time":2.77870716},
{"learn":[0.0357121724],"iteration":593,"passed_time":4.05592598,"remaining_time":2.772232235},
{"learn":[0.03560127078],"iteration":594,"passed_time":4.061815922,"remaining_time":2.764765459},
{"learn":[0.03550042007],"iteration":595,"passed_time":4.068365257,"remaining_time":2.757750946},
{"learn":[0.03546320089],"iteration":596,"passed_time":4.07461367,"remaining_time":2.750534856},
{"learn":[0.03542464875],"iteration":597,"passed_time":4.081479923,"remaining_time":2.743737339},
{"learn":[0.035317671],"iteration":598,"passed_time":4.088083437,"remaining_time":2.736763703},
{"learn":[0.03524203984],"iteration":599,"passed_time":4.094731845,"remaining_time":2.72982123},
{"learn":[0.03514452875],"iteration":600,"passed_time":4.101826776,"remaining_time":2.723176179},
{"learn":[0.03505398357],"iteration":601,"passed_time":4.108219696,"remaining_time":2.716065513},
{"learn":[0.03494423672],"iteration":602,"passed_time":4.114750453,"remaining_time":2.709047976},
{"learn":[0.03483359236],"iteration":603,"passed_time":4.122606279,"remaining_time":2.702900806},
{"learn":[0.03475117613],"iteration":604,"passed_time":4.129903715,"remaining_time":2.696383418},
{"learn":[0.03466481296],"iteration":605,"passed_time":4.13659611,"remaining_time":2.689470078},
{"learn":[0.03455562394],"iteration":606,"passed_time":4.143658788,"remaining_time":2.682797205},
{"learn":[0.03449411001],"iteration":607,"passed_time":4.149128796,"remaining_time":2.675096197},
{"learn":[0.03444083772],"iteration":608,"passed_time":4.15571902,"remaining_time":2.668121735},
{"learn":[0.03436396164],"iteration":609,"passed_time":4.162741163,"remaining_time":2.661424678},
{"learn":[0.03429088688],"iteration":610,"passed_time":4.169383013,"remaining_time":2.654484439},
{"learn":[0.03422590337],"iteration":611,"passed_time":4.176100571,"remaining_time":2.647593172},
{"learn":[0.03411173398],"iteration":612,"passed_time":4.182447407,"remaining_time":2.640468428},
{"learn":[0.03403127352],"iteration":613,"passed_time":4.189126411,"remaining_time":2.63355504},
{"learn":[0.03399226831],"iteration":614,"passed_time":4.195118522,"remaining_time":2.626212408},
{"learn":[0.03392524575],"iteration":615,"passed_time":4.20179063,"remaining_time":2.619298055},
{"learn":[0.03386034096],"iteration":616,"passed_time":4.208953414,"remaining_time":2.612689072},
{"learn":[0.03379853983],"iteration":617,"passed_time":4.215643879,"remaining_time":2.605786346},
{"learn":[0.03364011368],"iteration":618,"passed_time":4.222770426,"remaining_time":2.599152718},
{"learn":[0.03356686212],"iteration":619,"passed_time":4.229522163,"remaining_time":2.592287777},
{"learn":[0.03349362113],"iteration":620,"passed_time":4.236231064,"remaining_time":2.585397058},
{"learn":[0.03341945852],"iteration":621,"passed_time":4.242832345,"remaining_time":2.578441522},
{"learn":[0.03332797833],"iteration":622,"passed_time":4.25027491,"remaining_time":2.571996213},
{"learn":[0.03324358432],"iteration":623,"passed_time":4.257608558,"remaining_time":2.56548208},
{"learn":[0.03317892058],"iteration":624,"passed_time":4.26397145,"remaining_time":2.55838287},
{"learn":[0.03307814982],"iteration":625,"passed_time":4.271051251,"remaining_time":2.551714326},
{"learn":[0.03298203984],"iteration":626,"passed_time":4.279514901,"remaining_time":2.545867716},
{"learn":[0.0329013149],"iteration":627,"passed_time":4.286954445,"remaining_time":2.539406136},
{"learn":[0.03286846332],"iteration":628,"passed_time":4.294037568,"remaining_time":2.532731221},
{"learn":[0.03274603943],"iteration":629,"passed_time":4.302377999,"remaining_time":2.526793428},
{"learn":[0.03266034767],"iteration":630,"passed_time":4.310254028,"remaining_time":2.520576444},
{"learn":[0.03259851327],"iteration":631,"passed_time":4.317926038,"remaining_time":2.514235415},
{"learn":[0.03250739529],"iteration":632,"passed_time":4.326427769,"remaining_time":2.508371234},
{"learn":[0.0324146362],"iteration":633,"passed_time":4.333399149,"remaining_time":2.501615282},
{"learn":[0.03236260865],"iteration":634,"passed_time":4.340810604,"remaining_time":2.495111607},
{"learn":[0.03231480889],"iteration":635,"passed_time":4.348674423,"remaining_time":2.488863978},
{"learn":[0.03215635474],"iteration":636,"passed_time":4.355774215,"remaining_time":2.482175887},
{"learn":[0.03206389799],"iteration":637,"passed_time":4.362902885,"remaining_time":2.475502891},
{"learn":[0.03196101756],"iteration":638,"passed_time":4.369296477,"remaining_time":2.46841319},
{"learn":[0.03185777386],"iteration":639,"passed_time":4.376561579,"remaining_time":2.461815888},
{"learn":[0.03174180418],"iteration":640,"passed_time":4.38272663,"remaining_time":2.454600406},
{"learn":[0.0316751241],"iteration":641,"passed_time":4.389360324,"remaining_time":2.447649527},
{"learn":[0.03160224936],"iteration":642,"passed_time":4.396324363,"remaining_time":2.440883045},
{"learn":[0.03152023813],"iteration":643,"passed_time":4.404321138,"remaining_time":2.43468684},
{"learn":[0.03141764753],"iteration":644,"passed_time":4.411519348,"remaining_time":2.428045533},
{"learn":[0.0313472371],"iteration":645,"passed_time":4.418820043,"remaining_time":2.421458662},
{"learn":[0.0312919011],"iteration":646,"passed_time":4.424122817,"remaining_time":2.413779527},
{"learn":[0.03118927317],"iteration":647,"passed_time":4.428077453,"remaining_time":2.405375406},
{"learn":[0.03108719832],"iteration":648,"passed_time":4.436346234,"remaining_time":2.399318225},
{"learn":[0.0310320664],"iteration":649,"passed_time":4.443500962,"remaining_time":2.392654364},
{"learn":[0.03093546831],"iteration":650,"passed_time":4.451110364,"remaining_time":2.386232745},
{"learn":[0.03082643724],"iteration":651,"passed_time":4.456065001,"remaining_time":2.378390522},
{"learn":[0.03074908362],"iteration":652,"passed_time":4.463476902,"remaining_time":2.371862917},
{"learn":[0.03070299946],"iteration":653,"passed_time":4.469261704,"remaining_time":2.364471789},
{"learn":[0.03063190054],"iteration":654,"passed_time":4.476237152,"remaining_time":2.357712698},
{"learn":[0.03058954585],"iteration":655,"passed_time":4.48188915,"remaining_time":2.350258944},
{"learn":[0.03050952331],"iteration":656,"passed_time":4.489703873,"remaining_time":2.343939769},
{"learn":[0.03040885538],"iteration":657,"passed_time":4.497486669,"remaining_time":2.337599454},
{"learn":[0.03035153913],"iteration":658,"passed_time":4.504081654,"remaining_time":2.330640127},
{"learn":[0.03030839047],"iteration":659,"passed_time":4.511830967,"remaining_time":2.324276559},
{"learn":[0.03026136725],"iteration":660,"passed_time":4.518441282,"remaining_time":2.317324651},
{"learn":[0.03016390212],"iteration":661,"passed_time":4.526788983,"remaining_time":2.31126084},
{"learn":[0.0300630155],"iteration":662,"passed_time":4.534337334,"remaining_time":2.304783834},
{"learn":[0.02998345782],"iteration":663,"passed_time":4.540980143,"remaining_time":2.297845373},
{"learn":[0.02992322913],"iteration":664,"passed_time":4.547767912,"remaining_time":2.290980828},
{"learn":[0.02984887599],"iteration":665,"passed_time":4.555331111,"remaining_time":2.284505392},
{"learn":[0.02978208076],"iteration":666,"passed_time":4.562146027,"remaining_time":2.277653114},
{"learn":[0.02973305404],"iteration":667,"passed_time":4.569326527,"remaining_time":2.270982645},
{"learn":[0.02964246255],"iteration":668,"passed_time":4.576005156,"remaining_time":2.264062342},
{"learn":[0.02956683896],"iteration":669,"passed_time":4.582362621,"remaining_time":2.256984575},
{"learn":[0.02951301254],"iteration":670,"passed_time":4.588643165,"remaining_time":2.249871239},
{"learn":[0.02941051825],"iteration":671,"passed_time":4.596939958,"remaining_time":2.243744503},
{"learn":[0.0293622038],"iteration":672,"passed_time":4.60313825,"remaining_time":2.236591691},
{"learn":[0.02929287717],"iteration":673,"passed_time":4.609952551,"remaining_time":2.229739661},
{"learn":[0.02927721815],"iteration":674,"passed_time":4.615287688,"remaining_time":2.222175553},
{"learn":[0.02926073169],"iteration":675,"passed_time":4.621314046,"remaining_time":2.214949336},
{"learn":[0.02915584777],"iteration":676,"passed_time":4.628113437,"remaining_time":2.20809548},
{"learn":[0.02911201978],"iteration":677,"passed_time":4.6348583,"remaining_time":2.201215889},
{"learn":[0.02904222283],"iteration":678,"passed_time":4.640930778,"remaining_time":2.194018821},
{"learn":[0.02895954634],"iteration":679,"passed_time":4.647514875,"remaining_time":2.187065824},
{"learn":[0.02891155325],"iteration":680,"passed_time":4.654108091,"remaining_time":2.180118181},
{"learn":[0.02884436904],"iteration":681,"passed_time":4.66084765,"remaining_time":2.173239813},
{"learn":[0.02875769455],"iteration":682,"passed_time":4.667609986,"remaining_time":2.166372424},
{"learn":[0.02870062447],"iteration":683,"passed_time":4.673998156,"remaining_time":2.159332481},
{"learn":[0.0286245612],"iteration":684,"passed_time":4.680906559,"remaining_time":2.152533673},
{"learn":[0.02855962277],"iteration":685,"passed_time":4.687783978,"remaining_time":2.145720363},
{"learn":[0.0284869935],"iteration":686,"passed_time":4.694978635,"remaining_time":2.139051401},
{"learn":[0.02841939708],"iteration":687,"passed_time":4.701283628,"remaining_time":2.131977459},
{"learn":[0.02836481331],"iteration":688,"passed_time":4.708111102,"remaining_time":2.125141586},
{"learn":[0.02829772841],"iteration":689,"passed_time":4.714364942,"remaining_time":2.118048018},
{"learn":[0.02820043338],"iteration":690,"passed_time":4.721577591,"remaining_time":2.111385638},
{"learn":[0.02814944386],"iteration":691,"passed_time":4.727961753,"remaining_time":2.104352919},
{"learn":[0.02807208759],"iteration":692,"passed_time":4.734078312,"remaining_time":2.097203523},
{"learn":[0.02803047897],"iteration":693,"passed_time":4.740641076,"remaining_time":2.090253846},
{"learn":[0.02801085276],"iteration":694,"passed_time":4.748165399,"remaining_time":2.083727262},
{"learn":[0.02796340165],"iteration":695,"passed_time":4.755318039,"remaining_time":2.077035465},
{"learn":[0.02788053041],"iteration":696,"passed_time":4.763005016,"remaining_time":2.070574634},
{"learn":[0.02779178517],"iteration":697,"passed_time":4.769651354,"remaining_time":2.063660042},
{"learn":[0.02773828538],"iteration":698,"passed_time":4.775887217,"remaining_time":2.05656946},
{"learn":[0.02765822728],"iteration":699,"passed_time":4.78243567,"remaining_time":2.049615287},
{"learn":[0.027624082],"iteration":700,"passed_time":4.789039081,"remaining_time":2.042685714},
{"learn":[0.02759354576],"iteration":701,"passed_time":4.795577444,"remaining_time":2.035729456},
{"learn":[0.02753607755],"iteration":702,"passed_time":4.801902778,"remaining_time":2.028684389},
{"learn":[0.02745167473],"iteration":703,"passed_time":4.808936825,"remaining_time":2.021939347},
{"learn":[0.02739786767],"iteration":704,"passed_time":4.815703943,"remaining_time":2.015081792},
{"learn":[0.02734491797],"iteration":705,"passed_time":4.8223031,"remaining_time":2.008154549},
{"learn":[0.02729222922],"iteration":706,"passed_time":4.828158771,"remaining_time":2.000920113},
{"learn":[0.02723102045],"iteration":707,"passed_time":4.834650873,"remaining_time":1.993952055},
{"learn":[0.02714471715],"iteration":708,"passed_time":4.841814956,"remaining_time":1.987261145},
{"learn":[0.02708445483],"iteration":709,"passed_time":4.849274759,"remaining_time":1.98068969},
{"learn":[0.02706700326],"iteration":710,"passed_time":4.856912977,"remaining_time":1.974188256},
{"learn":[0.02700072307],"iteration":711,"passed_time":4.863851807,"remaining_time":1.967400731},
{"learn":[0.02695495533],"iteration":712,"passed_time":4.87065655,"remaining_time":1.960558808},
{"learn":[0.02692716601],"iteration":713,"passed_time":4.877441332,"remaining_time":1.953708993},
{"learn":[0.02684378959],"iteration":714,"passed_time":4.883951032,"remaining_time":1.946749712},
{"learn":[0.02675870321],"iteration":715,"passed_time":4.890730575,"remaining_time":1.93989872},
{"learn":[0.02672579686],"iteration":716,"passed_time":4.897361739,"remaining_time":1.932989361},
{"learn":[0.02665835645],"iteration":717,"passed_time":4.904136553,"remaining_time":1.926137198},
{"learn":[0.02661713205],"iteration":718,"passed_time":4.909924712,"remaining_time":1.918899644},
{"learn":[0.02657581837],"iteration":719,"passed_time":4.916328137,"remaining_time":1.911905386},
{"learn":[0.02652593166],"iteration":720,"passed_time":4.923154553,"remaining_time":1.90507645},
{"learn":[0.02647769997],"iteration":721,"passed_time":4.929909708,"remaining_time":1.898220082},
{"learn":[0.02642903898],"iteration":722,"passed_time":4.936240001,"remaining_time":1.891201217},
{"learn":[0.02638753619],"iteration":723,"passed_time":4.942868112,"remaining_time":1.884297788},
{"learn":[0.0263540007],"iteration":724,"passed_time":4.949926628,"remaining_time":1.877558376},
{"learn":[0.02629414302],"iteration":725,"passed_time":4.956575946,"remaining_time":1.870663649},
{"learn":[0.02624702471],"iteration":726,"passed_time":4.963905277,"remaining_time":1.864024953},
{"learn":[0.02619576384],"iteration":727,"passed_time":4.971595449,"remaining_time":1.857519179},
{"learn":[0.02613189583],"iteration":728,"passed_time":4.978521035,"remaining_time":1.850725926},
{"learn":[0.02606424975],"iteration":729,"passed_time":4.98620178,"remaining_time":1.844211617},
{"learn":[0.02601140007],"iteration":730,"passed_time":4.994250266,"remaining_time":1.837829441},
{"learn":[0.02593376189],"iteration":731,"passed_time":5.002045006,"remaining_time":1.831349811},
{"learn":[0.0258718759],"iteration":732,"passed_time":5.00998819,"remaining_time":1.824920664},
{"learn":[0.02584695129],"iteration":733,"passed_time":5.017558045,"remaining_time":1.818352098},
{"learn":[0.02580034662],"iteration":734,"passed_time":5.024619495,"remaining_time":1.811597505},
{"learn":[0.02577473547],"iteration":735,"passed_time":5.032898856,"remaining_time":1.805278938},
{"learn":[0.02571134888],"iteration":736,"passed_time":5.039538426,"remaining_time":1.798369886},
{"learn":[0.02564340222],"iteration":737,"passed_time":5.046694343,"remaining_time":1.791644875},
{"learn":[0.02558072878],"iteration":738,"passed_time":5.053507488,"remaining_time":1.784797638},
{"learn":[0.02545908336],"iteration":739,"passed_time":5.059820097,"remaining_time":1.777774629},
{"learn":[0.02542215841],"iteration":740,"passed_time":5.067523693,"remaining_time":1.771239725},
{"learn":[0.02538112224],"iteration":741,"passed_time":5.07438374,"remaining_time":1.764408363},
{"learn":[0.02534599917],"iteration":742,"passed_time":5.081170006,"remaining_time":1.757551402},
{"learn":[0.02531545166],"iteration":743,"passed_time":5.087932937,"remaining_time":1.750686602},
{"learn":[0.02527137046],"iteration":744,"passed_time":5.09453535,"remaining_time":1.743767133},
{"learn":[0.02520681854],"iteration":745,"passed_time":5.100614654,"remaining_time":1.736670405},
{"learn":[0.02519209064],"iteration":746,"passed_time":5.106783992,"remaining_time":1.729606894},
{"learn":[0.02511141659],"iteration":747,"passed_time":5.113736257,"remaining_time":1.722809541},
{"learn":[0.02504261558],"iteration":748,"passed_time":5.120172555,"remaining_time":1.715838867},
{"learn":[0.02499098898],"iteration":749,"passed_time":5.126426003,"remaining_time":1.708808668},
{"learn":[0.02494134104],"iteration":750,"passed_time":5.133247596,"remaining_time":1.70196891},
{"learn":[0.02487998857],"iteration":751,"passed_time":5.139999897,"remaining_time":1.695106349},
{"learn":[0.0248295722],"iteration":752,"passed_time":5.146604762,"remaining_time":1.688195719},
{"learn":[0.02478662692],"iteration":753,"passed_time":5.152458859,"remaining_time":1.681040954},
{"learn":[0.02472761991],"iteration":754,"passed_time":5.158927112,"remaining_time":1.67408893},
{"learn":[0.02469730765],"iteration":755,"passed_time":5.16462214,"remaining_time":1.666888627},
{"learn":[0.02462894666],"iteration":756,"passed_time":5.17112719,"remaining_time":1.659952321},
{"learn":[0.02458342914],"iteration":757,"passed_time":5.177643587,"remaining_time":1.653020776},
{"learn":[0.02452628246],"iteration":758,"passed_time":5.184373745,"remaining_time":1.646158198},
{"learn":[0.02447105106],"iteration":759,"passed_time":5.190928381,"remaining_time":1.639240541},
{"learn":[0.02442215059],"iteration":760,"passed_time":5.197651542,"remaining_time":1.632376765},
{"learn":[0.02437234418],"iteration":761,"passed_time":5.204754375,"remaining_time":1.625631944},
{"learn":[0.02429022976],"iteration":762,"passed_time":5.213284625,"remaining_time":1.619329562},
{"learn":[0.02421055692],"iteration":763,"passed_time":5.221145166,"remaining_time":1.612814475},
{"learn":[0.02416194859],"iteration":764,"passed_time":5.229239756,"remaining_time":1.606367768},
{"learn":[0.02411616623],"iteration":765,"passed_time":5.237131859,"remaining_time":1.599854902},
{"learn":[0.02405897941],"iteration":766,"passed_time":5.242741693,"remaining_time":1.59264513},
{"learn":[0.02400101816],"iteration":767,"passed_time":5.249242912,"remaining_time":1.585708796},
{"learn":[0.02396143997],"iteration":768,"passed_time":5.255838148,"remaining_time":1.578801836},
{"learn":[0.0239237362],"iteration":769,"passed_time":5.261857266,"remaining_time":1.571723599},
{"learn":[0.02387182963],"iteration":770,"passed_time":5.268403324,"remaining_time":1.564804619},
{"learn":[0.02382137856],"iteration":771,"passed_time":5.275222886,"remaining_time":1.557967381},
{"learn":[0.0237537869],"iteration":772,"passed_time":5.281839217,"remaining_time":1.551070508},
{"learn":[0.02366993505],"iteration":773,"passed_time":5.288758231,"remaining_time":1.544262739},
{"learn":[0.02361068011],"iteration":774,"passed_time":5.295727806,"remaining_time":1.537469363},
{"learn":[0.02356264545],"iteration":775,"passed_time":5.302146699,"remaining_time":1.530516573},
{"learn":[0.02354722009],"iteration":776,"passed_time":5.308870767,"remaining_time":1.523652743},
{"learn":[0.02349094996],"iteration":777,"passed_time":5.315401597,"remaining_time":1.516734132},
{"learn":[0.02347731326],"iteration":778,"passed_time":5.321957049,"remaining_time":1.509823502},
{"learn":[0.02343131908],"iteration":779,"passed_time":5.328731006,"remaining_time":1.502975412},
{"learn":[0.02338666102],"iteration":780,"passed_time":5.334569742,"remaining_time":1.495865267},
{"learn":[0.02334258053],"iteration":781,"passed_time":5.341346701,"remaining_time":1.489019924},
{"learn":[0.0233084673],"iteration":782,"passed_time":5.347262067,"remaining_time":1.481935975},
{"learn":[0.02323580035],"iteration":783,"passed_time":5.353330779,"remaining_time":1.474897255},
{"learn":[0.0232099911],"iteration":784,"passed_time":5.359904942,"remaining_time":1.467999443},
{"learn":[0.02317763872],"iteration":785,"passed_time":5.368075248,"remaining_time":1.461537027},
{"learn":[0.02314787126],"iteration":786,"passed_time":5.375387473,"remaining_time":1.454838033},
{"learn":[0.02308875507],"iteration":787,"passed_time":5.382817826,"remaining_time":1.448169263},
{"learn":[0.0230579429],"iteration":788,"passed_time":5.391004843,"remaining_time":1.441700915},
{"learn":[0.02301139265],"iteration":789,"passed_time":5.395922496,"remaining_time":1.434359145},
{"learn":[0.02297091308],"iteration":790,"passed_time":5.402545879,"remaining_time":1.427474196},
{"learn":[0.0229310801],"iteration":791,"passed_time":5.40876229,"remaining_time":1.420483026},
{"learn":[0.0228764634],"iteration":792,"passed_time":5.41469184,"remaining_time":1.413418929},
{"learn":[0.02282569539],"iteration":793,"passed_time":5.421490229,"remaining_time":1.406583107},
{"learn":[0.02279588831],"iteration":794,"passed_time":5.428429402,"remaining_time":1.399783682},
{"learn":[0.02270691187],"iteration":795,"passed_time":5.435582449,"remaining_time":1.393038718},
{"learn":[0.02266182153],"iteration":796,"passed_time":5.441521003,"remaining_time":1.385983392},
{"learn":[0.02264099177],"iteration":797,"passed_time":5.447951839,"remaining_time":1.379055478},
{"learn":[0.02258702025],"iteration":798,"passed_time":5.45416357,"remaining_time":1.372073689},
{"learn":[0.02252529749],"iteration":799,"passed_time":5.460591614,"remaining_time":1.365147904},
{"learn":[0.0224729544],"iteration":800,"passed_time":5.46689898,"remaining_time":1.358193379},
{"learn":[0.02241195217],"iteration":801,"passed_time":5.473813578,"remaining_time":1.351390385},
{"learn":[0.02239111783],"iteration":802,"passed_time":5.480345477,"remaining_time":1.344493224},
{"learn":[0.02236466781],"iteration":803,"passed_time":5.487408718,"remaining_time":1.337726503},
{"learn":[0.02232827605],"iteration":804,"passed_time":5.494253156,"remaining_time":1.330906044},
{"learn":[0.02228854907],"iteration":805,"passed_time":5.500618339,"remaining_time":1.323970171},
{"learn":[0.02226137956],"iteration":806,"passed_time":5.507063938,"remaining_time":1.317054944},
{"learn":[0.02221144214],"iteration":807,"passed_time":5.513420524,"remaining_time":1.310119728},
{"learn":[0.02214536005],"iteration":808,"passed_time":5.518899826,"remaining_time":1.302978822},
{"learn":[0.02209039418],"iteration":809,"passed_time":5.525203749,"remaining_time":1.296035447},
{"learn":[0.02205605239],"iteration":810,"passed_time":5.531856172,"remaining_time":1.289174866},
{"learn":[0.02201550451],"iteration":811,"passed_time":5.538288894,"remaining_time":1.282263931},
{"learn":[0.02196627459],"iteration":812,"passed_time":5.545102757,"remaining_time":1.27544184},
{"learn":[0.02190841142],"iteration":813,"passed_time":5.551489477,"remaining_time":1.268522166},
{"learn":[0.02187081454],"iteration":814,"passed_time":5.558212634,"remaining_time":1.261680168},
{"learn":[0.02182371983],"iteration":815,"passed_time":5.565238653,"remaining_time":1.254906755},
{"learn":[0.02178375601],"iteration":816,"passed_time":5.571993143,"remaining_time":1.248071904},
{"learn":[0.02173815696],"iteration":817,"passed_time":5.578593069,"remaining_time":1.241202859},
{"learn":[0.02170054036],"iteration":818,"passed_time":5.585086645,"remaining_time":1.234310968},
{"learn":[0.02167147424],"iteration":819,"passed_time":5.591591079,"remaining_time":1.227422432},
{"learn":[0.02163481378],"iteration":820,"passed_time":5.596892641,"remaining_time":1.220272573},
{"learn":[0.02158204844],"iteration":821,"passed_time":5.604892784,"remaining_time":1.213711576},
{"learn":[0.02154165568],"iteration":822,"passed_time":5.61054611,"remaining_time":1.206642359},
{"learn":[0.02150190387],"iteration":823,"passed_time":5.617259521,"remaining_time":1.199803004},
{"learn":[0.02148471977],"iteration":824,"passed_time":5.623823298,"remaining_time":1.192932215},
{"learn":[0.02144585244],"iteration":825,"passed_time":5.6301835,"remaining_time":1.186019285},
{"learn":[0.0214102196],"iteration":826,"passed_time":5.636888605,"remaining_time":1.179179841},
{"learn":[0.02135822129],"iteration":827,"passed_time":5.643317195,"remaining_time":1.172283282},
{"learn":[0.02131679245],"iteration":828,"passed_time":5.650170296,"remaining_time":1.165475417},
{"learn":[0.02127208245],"iteration":829,"passed_time":5.656262494,"remaining_time":1.158511595},
{"learn":[0.02124407918],"iteration":830,"passed_time":5.662925411,"remaining_time":1.151665938},
{"learn":[0.0212152337],"iteration":831,"passed_time":5.669582653,"remaining_time":1.144819574},
{"learn":[0.02116964839],"iteration":832,"passed_time":5.675789632,"remaining_time":1.137883396},
{"learn":[0.02108880424],"iteration":833,"passed_time":5.682286702,"remaining_time":1.131006706},
{"learn":[0.02104833383],"iteration":834,"passed_time":5.68900395,"remaining_time":1.124174433},
{"learn":[0.02100949942],"iteration":835,"passed_time":5.695780601,"remaining_time":1.117354089},
{"learn":[0.02098352148],"iteration":836,"passed_time":5.702219111,"remaining_time":1.110467999},
{"learn":[0.0209470121],"iteration":837,"passed_time":5.708547216,"remaining_time":1.103561634},
{"learn":[0.02091948092],"iteration":838,"passed_time":5.715123037,"remaining_time":1.096704182},
{"learn":[0.02087937641],"iteration":839,"passed_time":5.721598554,"remaining_time":1.089828296},
{"learn":[0.02085919077],"iteration":840,"passed_time":5.72763883,"remaining_time":1.082871075},
{"learn":[0.02083164938],"iteration":841,"passed_time":5.734383287,"remaining_time":1.07604817},
{"learn":[0.02078551873],"iteration":842,"passed_time":5.741283387,"remaining_time":1.069254439},
{"learn":[0.02074886865],"iteration":843,"passed_time":5.749918183,"remaining_time":1.062781086},
{"learn":[0.02072082929],"iteration":844,"passed_time":5.756337874,"remaining_time":1.055896296},
{"learn":[0.0206769122],"iteration":845,"passed_time":5.762862335,"remaining_time":1.049031678},
{"learn":[0.02063066745],"iteration":846,"passed_time":5.769235843,"remaining_time":1.042140595},
{"learn":[0.02059015953],"iteration":847,"passed_time":5.775851359,"remaining_time":1.035294112},
{"learn":[0.02057450068],"iteration":848,"passed_time":5.781198239,"remaining_time":1.028222537},
{"learn":[0.02051634045],"iteration":849,"passed_time":5.787930452,"remaining_time":1.021399492},
{"learn":[0.02047789625],"iteration":850,"passed_time":5.794491221,"remaining_time":1.014546641},
{"learn":[0.02043315667],"iteration":851,"passed_time":5.801481197,"remaining_time":1.007769034},
{"learn":[0.02038416975],"iteration":852,"passed_time":5.808074024,"remaining_time":1.000922487},
{"learn":[0.02035388496],"iteration":853,"passed_time":5.814648573,"remaining_time":0.9940734095},
{"learn":[0.02027788138],"iteration":854,"passed_time":5.821268505,"remaining_time":0.9872326705},
{"learn":[0.02023007581],"iteration":855,"passed_time":5.828343047,"remaining_time":0.9804689238},
{"learn":[0.02018430525],"iteration":856,"passed_time":5.834660988,"remaining_time":0.9735782045},
{"learn":[0.02014785362],"iteration":857,"passed_time":5.838426255,"remaining_time":0.9662663499},
{"learn":[0.02012324333],"iteration":858,"passed_time":5.845538118,"remaining_time":0.9595120776},
{"learn":[0.02008746118],"iteration":859,"passed_time":5.851843205,"remaining_time":0.952625638},
{"learn":[0.02002895812],"iteration":860,"passed_time":5.858150964,"remaining_time":0.9457409802},
{"learn":[0.01999780276],"iteration":861,"passed_time":5.864065814,"remaining_time":0.938794759},
{"learn":[0.01994220246],"iteration":862,"passed_time":5.870643637,"remaining_time":0.9319561742},
{"learn":[0.01990724438],"iteration":863,"passed_time":5.876122046,"remaining_time":0.9249451368},
{"learn":[0.01986875862],"iteration":864,"passed_time":5.882643038,"remaining_time":0.9181003586},
{"learn":[0.0198117477],"iteration":865,"passed_time":5.888833984,"remaining_time":0.9112052585},
{"learn":[0.01978946806],"iteration":866,"passed_time":5.895173518,"remaining_time":0.9043345766},
{"learn":[0.01975902109],"iteration":867,"passed_time":5.90181721,"remaining_time":0.897511373},
{"learn":[0.01972164097],"iteration":868,"passed_time":5.907625549,"remaining_time":0.8905626547},
{"learn":[0.01967638159],"iteration":869,"passed_time":5.914196935,"remaining_time":0.8837305764},
{"learn":[0.01962875299],"iteration":870,"passed_time":5.920013882,"remaining_time":0.8767873602},
{"learn":[0.01958949017],"iteration":871,"passed_time":5.926708793,"remaining_time":0.8699756026},
{"learn":[0.0195614059],"iteration":872,"passed_time":5.933103227,"remaining_time":0.8631204007},
{"learn":[0.01952586163],"iteration":873,"passed_time":5.939654427,"remaining_time":0.8562888533},
{"learn":[0.01948694095],"iteration":874,"passed_time":5.946377324,"remaining_time":0.8494824749},
{"learn":[0.01946871143],"iteration":875,"passed_time":5.952109879,"remaining_time":0.8425361015},
{"learn":[0.0194366311],"iteration":876,"passed_time":5.958728178,"remaining_time":0.8357167228},
{"learn":[0.01941316483],"iteration":877,"passed_time":5.965481953,"remaining_time":0.8289166268},
{"learn":[0.0193798822],"iteration":878,"passed_time":5.972001009,"remaining_time":0.8220843255},
{"learn":[0.01935447741],"iteration":879,"passed_time":5.978984871,"remaining_time":0.8153161188},
{"learn":[0.01932044237],"iteration":880,"passed_time":5.986286357,"remaining_time":0.8085903251},
{"learn":[0.01928032166],"iteration":881,"passed_time":5.992783333,"remaining_time":0.8017555933},
{"learn":[0.01924820154],"iteration":882,"passed_time":5.999754457,"remaining_time":0.7949844525},
{"learn":[0.01921021569],"iteration":883,"passed_time":6.006135749,"remaining_time":0.7881354603},
{"learn":[0.01917289913],"iteration":884,"passed_time":6.012508787,"remaining_time":0.7812864526},
{"learn":[0.01914285874],"iteration":885,"passed_time":6.019452207,"remaining_time":0.7745119092},
{"learn":[0.01911786634],"iteration":886,"passed_time":6.025890868,"remaining_time":0.767672681},
{"learn":[0.01908525723],"iteration":887,"passed_time":6.032599913,"remaining_time":0.7608684575},
{"learn":[0.01903553851],"iteration":888,"passed_time":6.038944677,"remaining_time":0.7540189641},
{"learn":[0.01900743945],"iteration":889,"passed_time":6.04589924,"remaining_time":0.7472459734},
{"learn":[0.01895539306],"iteration":890,"passed_time":6.052127028,"remaining_time":0.7403836657},
{"learn":[0.01888679437],"iteration":891,"passed_time":6.059145147,"remaining_time":0.7336184707},
{"learn":[0.01883557716],"iteration":892,"passed_time":6.064851729,"remaining_time":0.7266955599},
{"learn":[0.01877895416],"iteration":893,"passed_time":6.071593678,"remaining_time":0.7198981319},
{"learn":[0.01874426725],"iteration":894,"passed_time":6.078873289,"remaining_time":0.7131639054},
{"learn":[0.01870875063],"iteration":895,"passed_time":6.085472544,"remaining_time":0.7063494917},
{"learn":[0.01867379096],"iteration":896,"passed_time":6.092293571,"remaining_time":0.6995610232},
{"learn":[0.01863817168],"iteration":897,"passed_time":6.09895162,"remaining_time":0.6927539701},
{"learn":[0.01861171479],"iteration":898,"passed_time":6.106279697,"remaining_time":0.6860225243},
{"learn":[0.01857690392],"iteration":899,"passed_time":6.112921501,"remaining_time":0.6792135001},
{"learn":[0.01854588873],"iteration":900,"passed_time":6.119210147,"remaining_time":0.6723660428},
{"learn":[0.0185022451],"iteration":901,"passed_time":6.124550697,"remaining_time":0.6654168163},
{"learn":[0.01847191839],"iteration":902,"passed_time":6.131172076,"remaining_time":0.658608739},
{"learn":[0.01844839085],"iteration":903,"passed_time":6.136919982,"remaining_time":0.6517083167},
{"learn":[0.01841820501],"iteration":904,"passed_time":6.143141169,"remaining_time":0.6448601227},
{"learn":[0.0183848405],"iteration":905,"passed_time":6.149634188,"remaining_time":0.6380415162},
{"learn":[0.01833077583],"iteration":906,"passed_time":6.155837933,"remaining_time":0.6311939667},
{"learn":[0.01829910807],"iteration":907,"passed_time":6.162454615,"remaining_time":0.6243896747},
{"learn":[0.01827995411],"iteration":908,"passed_time":6.16683045,"remaining_time":0.6173614642},
{"learn":[0.01826417816],"iteration":909,"passed_time":6.173331447,"remaining_time":0.610549264},
{"learn":[0.01820116945],"iteration":910,"passed_time":6.180293872,"remaining_time":0.6037828261},
{"learn":[0.01814601693],"iteration":911,"passed_time":6.187129935,"remaining_time":0.5970037657},
{"learn":[0.01810408589],"iteration":912,"passed_time":6.193947862,"remaining_time":0.5902228521},
{"learn":[0.01805026915],"iteration":913,"passed_time":6.200541298,"remaining_time":0.5834207348},
{"learn":[0.01801974541],"iteration":914,"passed_time":6.207082086,"remaining_time":0.5766141829},
{"learn":[0.01798385813],"iteration":915,"passed_time":6.212936075,"remaining_time":0.5697452296},
{"learn":[0.01794928867],"iteration":916,"passed_time":6.219348054,"remaining_time":0.562928995},
{"learn":[0.01792620468],"iteration":917,"passed_time":6.226028462,"remaining_time":0.5561376186},
{"learn":[0.01788306853],"iteration":918,"passed_time":6.232379748,"remaining_time":0.5493174751},
{"learn":[0.01785145447],"iteration":919,"passed_time":6.239245186,"remaining_time":0.5425430597},
{"learn":[0.01782338341],"iteration":920,"passed_time":6.247142656,"remaining_time":0.5358569705},
{"learn":[0.01779155277],"iteration":921,"passed_time":6.253675824,"remaining_time":0.5290528354},
{"learn":[0.01776388195],"iteration":922,"passed_time":6.258974563,"remaining_time":0.522146307},
{"learn":[0.01773374736],"iteration":923,"passed_time":6.265038732,"remaining_time":0.5153062161},
{"learn":[0.01769636776],"iteration":924,"passed_time":6.27174256,"remaining_time":0.508519667},
{"learn":[0.01766312122],"iteration":925,"passed_time":6.279460575,"remaining_time":0.501814344},
{"learn":[0.01763467915],"iteration":926,"passed_time":6.286605566,"remaining_time":0.4950617112},
{"learn":[0.01760617211],"iteration":927,"passed_time":6.294204179,"remaining_time":0.4883434277},
{"learn":[0.01758561335],"iteration":928,"passed_time":6.30121737,"remaining_time":0.4815785073},
{"learn":[0.01755520706],"iteration":929,"passed_time":6.307807509,"remaining_time":0.4747812104},
{"learn":[0.01752240901],"iteration":930,"passed_time":6.314452981,"remaining_time":0.4679884594},
{"learn":[0.0174996749],"iteration":931,"passed_time":6.32116434,"remaining_time":0.4612008316},
{"learn":[0.01746275312],"iteration":932,"passed_time":6.32805094,"remaining_time":0.4544259517},
{"learn":[0.01743643604],"iteration":933,"passed_time":6.334393726,"remaining_time":0.4476124046},
{"learn":[0.01741616888],"iteration":934,"passed_time":6.340875385,"remaining_time":0.4408095187},
{"learn":[0.01738074682],"iteration":935,"passed_time":6.348133539,"remaining_time":0.4340604129},
{"learn":[0.01735724198],"iteration":936,"passed_time":6.355016571,"remaining_time":0.4272849989},
{"learn":[0.01732764586],"iteration":937,"passed_time":6.36113825,"remaining_time":0.4204590314},
{"learn":[0.01729596506],"iteration":938,"passed_time":6.367597792,"remaining_time":0.4136565126},
{"learn":[0.0172570729],"iteration":939,"passed_time":6.373291768,"remaining_time":0.4068058575},
{"learn":[0.0172077243],"iteration":940,"passed_time":6.379825634,"remaining_time":0.4000103214},
{"learn":[0.01717256496],"iteration":941,"passed_time":6.386514703,"remaining_time":0.3932248968},
{"learn":[0.01714251207],"iteration":942,"passed_time":6.393041257,"remaining_time":0.3864298533},
{"learn":[0.01710749887],"iteration":943,"passed_time":6.399503658,"remaining_time":0.379631573},
{"learn":[0.01709104694],"iteration":944,"passed_time":6.40578399,"remaining_time":0.3728234068},
{"learn":[0.01704917542],"iteration":945,"passed_time":6.412416716,"remaining_time":0.3660364722},
{"learn":[0.01702595902],"iteration":946,"passed_time":6.41763977,"remaining_time":0.3591709692},
{"learn":[0.01697843554],"iteration":947,"passed_time":6.424003592,"remaining_time":0.352371505},
{"learn":[0.01695195329],"iteration":948,"passed_time":6.430320366,"remaining_time":0.3455704306},
{"learn":[0.01692618295],"iteration":949,"passed_time":6.437313258,"remaining_time":0.338805961},
{"learn":[0.01691634405],"iteration":950,"passed_time":6.443797566,"remaining_time":0.3320148063},
{"learn":[0.01688520119],"iteration":951,"passed_time":6.450398716,"remaining_time":0.3252301873},
{"learn":[0.01685260599],"iteration":952,"passed_time":6.456789496,"remaining_time":0.3184355785},
{"learn":[0.01681011959],"iteration":953,"passed_time":6.463116941,"remaining_time":0.3116387624},
{"learn":[0.01678675704],"iteration":954,"passed_time":6.469651982,"remaining_time":0.3048527112},
{"learn":[0.01676463077],"iteration":955,"passed_time":6.476127423,"remaining_time":0.2980644421},
{"learn":[0.01673374747],"iteration":956,"passed_time":6.482628473,"remaining_time":0.2912779774},
{"learn":[0.01669748319],"iteration":957,"passed_time":6.489139066,"remaining_time":0.2844925269},
{"learn":[0.016671404],"iteration":958,"passed_time":6.495934612,"remaining_time":0.2777198322},
{"learn":[0.01664943815],"iteration":959,"passed_time":6.502513244,"remaining_time":0.2709380518},
{"learn":[0.0166053455],"iteration":960,"passed_time":6.508407176,"remaining_time":0.2641289072},
{"learn":[0.01657723113],"iteration":961,"passed_time":6.515463094,"remaining_time":0.2573675651},
{"learn":[0.01654899473],"iteration":962,"passed_time":6.522431883,"remaining_time":0.2506022634},
{"learn":[0.01653900756],"iteration":963,"passed_time":6.529066603,"remaining_time":0.243824064},
{"learn":[0.01650389681],"iteration":964,"passed_time":6.535404064,"remaining_time":0.2370353806},
{"learn":[0.01647546425],"iteration":965,"passed_time":6.541037656,"remaining_time":0.2302228575},
{"learn":[0.01645976402],"iteration":966,"passed_time":6.547413171,"remaining_time":0.2234380917},
{"learn":[0.01642903232],"iteration":967,"passed_time":6.55510976,"remaining_time":0.2166978433},
{"learn":[0.01639675178],"iteration":968,"passed_time":6.561738263,"remaining_time":0.2099214511},
{"learn":[0.0163749592],"iteration":969,"passed_time":6.569107493,"remaining_time":0.203168273},
{"learn":[0.01636160723],"iteration":970,"passed_time":6.577143229,"remaining_time":0.1964337319},
{"learn":[0.01632809005],"iteration":971,"passed_time":6.584110993,"remaining_time":0.1896657488},
{"learn":[0.01630813966],"iteration":972,"passed_time":6.591995533,"remaining_time":0.1829227949},
{"learn":[0.01627533122],"iteration":973,"passed_time":6.598689574,"remaining_time":0.1761457176},
{"learn":[0.01625318841],"iteration":974,"passed_time":6.605632696,"remaining_time":0.1693751973},
{"learn":[0.01623848587],"iteration":975,"passed_time":6.612281228,"remaining_time":0.1625970794},
{"learn":[0.01621845448],"iteration":976,"passed_time":6.618914414,"remaining_time":0.1558188654},
{"learn":[0.01619647736],"iteration":977,"passed_time":6.625151553,"remaining_time":0.149032039},
{"learn":[0.01617108525],"iteration":978,"passed_time":6.631961625,"remaining_time":0.1422586253},
{"learn":[0.01614942174],"iteration":979,"passed_time":6.63738294,"remaining_time":0.1354567947},
{"learn":[0.01612323989],"iteration":980,"passed_time":6.643741287,"remaining_time":0.1286759271},
{"learn":[0.01609560605],"iteration":981,"passed_time":6.650433749,"remaining_time":0.1219020443},
{"learn":[0.01606997024],"iteration":982,"passed_time":6.656802497,"remaining_time":0.1151227288},
{"learn":[0.01605006106],"iteration":983,"passed_time":6.663875087,"remaining_time":0.1083556925},
{"learn":[0.01602160702],"iteration":984,"passed_time":6.670415842,"remaining_time":0.1015799367},
{"learn":[0.01599062193],"iteration":985,"passed_time":6.676790189,"remaining_time":0.09480229477},
{"learn":[0.01598133189],"iteration":986,"passed_time":6.683481441,"remaining_time":0.08802964411},
{"learn":[0.01596174775],"iteration":987,"passed_time":6.689940702,"remaining_time":0.08125434051},
{"learn":[0.01593637836],"iteration":988,"passed_time":6.69608417,"remaining_time":0.07447616367},
{"learn":[0.01591105863],"iteration":989,"passed_time":6.702525434,"remaining_time":0.06770227711},
{"learn":[0.01589203902],"iteration":990,"passed_time":6.708501166,"remaining_time":0.060924834},
{"learn":[0.01586429654],"iteration":991,"passed_time":6.716536215,"remaining_time":0.05416561464},
{"learn":[0.01585519067],"iteration":992,"passed_time":6.72367656,"remaining_time":0.04739751855},
{"learn":[0.01582803103],"iteration":993,"passed_time":6.730399477,"remaining_time":0.04062615378},
{"learn":[0.01579187698],"iteration":994,"passed_time":6.736772679,"remaining_time":0.03385312904},
{"learn":[0.01576683757],"iteration":995,"passed_time":6.743148703,"remaining_time":0.02708091849},
{"learn":[0.0157363207],"iteration":996,"passed_time":6.749571851,"remaining_time":0.02030964449},
{"learn":[0.01568414841],"iteration":997,"passed_time":6.755985549,"remaining_time":0.0135390492},
{"learn":[0.01563128358],"iteration":998,"passed_time":6.762518253,"remaining_time":0.00676928754},
{"learn":[0.01557922099],"iteration":999,"passed_time":6.769472425,"remaining_time":0}
]}